"","sample","ferretID","DPI","segment","ntpos","aapos","stocknt","stockaa","var","var_aa","freq","nonsyn","ntvar","aavar","total_DPI","cohort","inf_route","diet","titer","log10_titer","HAI_21dpi","Ct_Mgene","resequenced","STRAIN","avg_coverage","above_cutoff","SegmentSize","percent_above","segment_count","quality"
"1","1408_d02","1408","d02","H9N2_NA",291,97,"T","P","C","P",0.0151650907382393,"syn","T291C","P97P",2,"W17","Index","Obese",NA,NA,"NA",21.68,"yes","H9N2",15855.5292022792,1404,1404,100,8,"good"
"2","1408_d02","1408","d02","H9N2_NS",183,61,"A","G","G","G",0.0167959080659923,"syn","A183G","G61G",2,"W17","Index","Obese",NA,NA,"NA",21.68,"yes","H9N2",26470.9618055556,864,864,100,8,"good"
"3","1408_d02","1408","d02","H9N2_PA",27,9,"C","F","T","F",0.331992531050416,"syn","C27T","F9F",2,"W17","Index","Obese",NA,NA,"NA",21.68,"yes","H9N2",9281.71478382148,2151,2151,100,8,"good"
"4","1408_d04","1408","d04","H9N2_NA",291,97,"T","P","C","P",0.0239569531216759,"syn","T291C","P97P",2,"W17","Index","Obese",NA,NA,"NA",24.49,"yes","H9N2",13623.3009259259,1404,1404,100,8,"good"
"5","1408_d04","1408","d04","H9N2_NS",183,61,"A","G","G","G",0.0188974667879167,"syn","A183G","G61G",2,"W17","Index","Obese",NA,NA,"NA",24.49,"yes","H9N2",26034.7887731481,864,864,100,8,"good"
"6","1408_d04","1408","d04","H9N2_PA",27,9,"C","F","T","F",0.345225497872738,"syn","C27T","F9F",2,"W17","Index","Obese",NA,NA,"NA",24.49,"yes","H9N2",8928.75685727569,2151,2151,100,8,"good"
"7","1409_d04","1409","d04","H9N2_PA",27,9,"C","F","T","F",0.369521536296346,"syn","C27T","F9F",2,"W17","Contact","Obese",NA,NA,"NA",28.65,"yes","H9N2",8777.23547187355,2151,2151,100,8,"good"
"8","1409_d06","1409","d06","H9N2_PA",27,9,"C","F","T","F",0.0470865652261815,"syn","C27T","F9F",2,"W17","Contact","Obese",NA,NA,"NA",28.59,"yes","H9N2",5548.86866573687,2151,2151,100,8,"good"
"9","1410_d02","1410","d02","H9N2_NP",813,271,"C","A","A","A",0.0494081858109381,"syn","C813A","A271A",2,"W17","Contact","Lean",NA,NA,"NA",28.68,"yes","H9N2",16944.6229124916,1497,1497,100,8,"good"
"10","1410_d02","1410","d02","H9N2_PA",27,9,"C","F","T","F",0.339117993427178,"syn","C27T","F9F",3,"W17","Contact","Lean",NA,NA,"NA",28.68,"yes","H9N2",8279.63412366341,2151,2151,100,8,"good"
"11","1410_d02","1410","d02","H9N2_PA",1527,509,"C","S","T","S",0.0197308027043203,"syn","C1527T","S509S",2,"W17","Contact","Lean",NA,NA,"NA",28.68,"yes","H9N2",8279.63412366341,2151,2151,100,8,"good"
"12","1410_d04","1410","d04","H9N2_NP",813,271,"C","A","A","A",0.10702264670164,"syn","C813A","A271A",2,"W17","Contact","Lean",NA,NA,"NA",28.53,"yes","H9N2",8033.27822311289,1497,1497,100,8,"good"
"13","1410_d04","1410","d04","H9N2_PA",27,9,"C","F","T","F",0.358050787310803,"syn","C27T","F9F",3,"W17","Contact","Lean",NA,NA,"NA",28.53,"yes","H9N2",3535.48814504881,2151,2151,100,8,"good"
"14","1410_d04","1410","d04","H9N2_PA",1527,509,"C","S","T","S",0.0427490662139219,"syn","C1527T","S509S",2,"W17","Contact","Lean",NA,NA,"NA",28.53,"yes","H9N2",3535.48814504881,2151,2151,100,8,"good"
"15","1410_d06","1410","d06","H9N2_PA",27,9,"C","F","T","F",0.282976527930246,"syn","C27T","F9F",3,"W17","Contact","Lean",NA,NA,"NA",32.4,"yes","H9N2",NA,2140,2151,99.488609948861,8,"good"
"16","1415_d02","1415","d02","H9N2_PA",27,9,"C","F","T","F",0.398828350031362,"syn","C27T","F9F",2,"W17","Contact","Obese",NA,NA,"NA",27.33,"yes","H9N2",10386.7933519293,2151,2151,100,8,"good"
"17","1415_d08","1415","d08","H9N2_PA",27,9,"C","F","T","F",0.327017371485356,"syn","C27T","F9F",2,"W17","Contact","Obese",NA,NA,"NA",23.11,"yes","H9N2",6940.35820548582,2151,2151,100,8,"good"
"18","1416_d02","1416","d02","H9N2_NS",183,61,"A","G","G","G",0.0137321170326958,"syn","A183G","G61G",2,"W17","Index","Lean",NA,NA,"NA",25.44,"yes","H9N2",24956.9728009259,864,864,100,8,"good"
"19","1416_d02","1416","d02","H9N2_PA",27,9,"C","F","T","F",0.328899652469674,"syn","C27T","F9F",2,"W17","Index","Lean",NA,NA,"NA",25.44,"yes","H9N2",10330.6287773129,2151,2151,100,8,"good"
"20","1416_d04","1416","d04","H9N2_NS",183,61,"A","G","G","G",0.021277397089958,"syn","A183G","G61G",2,"W17","Index","Lean",NA,NA,"NA",27.34,"yes","H9N2",19632.8877314815,864,864,100,8,"good"
"21","1416_d04","1416","d04","H9N2_PA",27,9,"C","F","T","F",0.281167698093161,"syn","C27T","F9F",2,"W17","Index","Lean",NA,NA,"NA",27.34,"yes","H9N2",5242.20827522083,2151,2151,100,8,"good"
"22","1789_d02","1789","d02","H9N2_NA",219,73,"G","K","A","K",0.0159789601243242,"syn","G219A","K73K",2,"F17","Index","Obese",17800,4.250420002,"320",23.21,"yes","H9N2",16505.0185185185,1404,1404,100,8,"good"
"23","1789_d02","1789","d02","H9N2_NA",291,97,"T","P","C","P",0.0204282489186011,"syn","T291C","P97P",2,"F17","Index","Obese",17800,4.250420002,"320",23.21,"yes","H9N2",16505.0185185185,1404,1404,100,8,"good"
"24","1789_d02","1789","d02","H9N2_NS",183,61,"A","G","G","G",0.0344662278892438,"syn","A183G","G61G",2,"F17","Index","Obese",17800,4.250420002,"320",23.21,"yes","H9N2",19805.1059027778,864,864,100,8,"good"
"25","1789_d02","1789","d02","H9N2_PA",27,9,"C","F","T","F",0.368544702309627,"syn","C27T","F9F",2,"F17","Index","Obese",17800,4.250420002,"320",23.21,"yes","H9N2",9880.17689446769,2151,2151,100,8,"good"
"26","1789_d02","1789","d02","H9N2_PB1",1509,503,"C","A","T","A",0.0357031581264169,"syn","C1509T","A503A",2,"F17","Index","Obese",17800,4.250420002,"320",23.21,"yes","H9N2",10160.7944664032,2277,2277,100,8,"good"
"27","1789_d02","1789","d02","H9N2_PB1",1512,504,"C","N","T","N",0.0352380482663919,"syn","C1512T","N504N",2,"F17","Index","Obese",17800,4.250420002,"320",23.21,"yes","H9N2",10160.7944664032,2277,2277,100,8,"good"
"28","1789_d04","1789","d04","H9N2_NA",291,97,"T","P","C","P",0.0256119017179173,"syn","T291C","P97P",2,"F17","Index","Obese",5620,3.749736316,"320",27.76,"yes","H9N2",14201.1061253561,1404,1404,100,8,"good"
"29","1789_d04","1789","d04","H9N2_NA",219,73,"G","K","A","K",0.0124454692396435,"syn","G219A","K73K",2,"F17","Index","Obese",5620,3.749736316,"320",27.76,"yes","H9N2",14201.1061253561,1404,1404,100,8,"good"
"30","1789_d04","1789","d04","H9N2_NS",183,61,"A","G","G","G",0.0324272088324316,"syn","A183G","G61G",2,"F17","Index","Obese",5620,3.749736316,"320",27.76,"yes","H9N2",17670.7667824074,864,864,100,8,"good"
"31","1789_d04","1789","d04","H9N2_PA",27,9,"C","F","T","F",0.308293515479225,"syn","C27T","F9F",2,"F17","Index","Obese",5620,3.749736316,"320",27.76,"yes","H9N2",7180.06276150628,2151,2151,100,8,"good"
"32","1789_d04","1789","d04","H9N2_PB1",1509,503,"C","A","T","A",0.0225414099962954,"syn","C1509T","A503A",2,"F17","Index","Obese",5620,3.749736316,"320",27.76,"yes","H9N2",7803.94993412385,2277,2277,100,8,"good"
"33","1789_d04","1789","d04","H9N2_PB1",1512,504,"C","N","T","N",0.021917777691112,"syn","C1512T","N504N",2,"F17","Index","Obese",5620,3.749736316,"320",27.76,"yes","H9N2",7803.94993412385,2277,2277,100,8,"good"
"34","1794_d02","1794","d02","H9N2_PB2",2115,705,"A","G","C","G",0.106666666666667,"syn","A2115C","G705G",2,"F17","Contact","Obese",0,0,"160",36.32,"yes","H9N2",242.470614035088,1722,2280,75.5263157894737,8,"good"
"35","1794_d02","1794","d02","H9N2_PB2",2151,717,"G","T","A","T",0.0980662472242783,"syn","G2151A","T717T",2,"F17","Contact","Obese",0,0,"160",36.32,"yes","H9N2",242.470614035088,1722,2280,75.5263157894737,8,"good"
"36","1794_d02","1794","d02","H9N2_PB2",2173,725,"T","L","C","L",0.0470314407814408,"syn","T2173C","L725L",2,"F17","Contact","Obese",0,0,"160",36.32,"yes","H9N2",242.470614035088,1722,2280,75.5263157894737,8,"good"
"37","1794_d02","1794","d02","H9N2_PB2",2157,719,"G","G","A","G",0.101584001584002,"syn","G2157A","G719G",2,"F17","Contact","Obese",0,0,"160",36.32,"yes","H9N2",242.470614035088,1722,2280,75.5263157894737,8,"good"
"38","1794_d02","1794","d02","H9N2_PB2",2172,724,"A","V","G","V",0.0581389892543757,"syn","A2172G","V724V",2,"F17","Contact","Obese",0,0,"160",36.32,"yes","H9N2",242.470614035088,1722,2280,75.5263157894737,8,"good"
"39","1794_d04","1794","d04","H9N2_PB2",2115,705,"A","G","C","G",0.131543481216524,"syn","A2115C","G705G",2,"F17","Contact","Obese",0,0,"160",38.76,"yes","H9N2",NA,2279,2280,99.9561403508772,8,"good"
"40","1794_d04","1794","d04","H9N2_PB2",2172,724,"A","V","G","V",0.093212984026237,"syn","A2172G","V724V",2,"F17","Contact","Obese",0,0,"160",38.76,"yes","H9N2",NA,2279,2280,99.9561403508772,8,"good"
"41","1794_d04","1794","d04","H9N2_PB2",2173,725,"T","L","C","L",0.0895527201550571,"syn","T2173C","L725L",2,"F17","Contact","Obese",0,0,"160",38.76,"yes","H9N2",NA,2279,2280,99.9561403508772,8,"good"
"42","1794_d04","1794","d04","H9N2_PB2",2151,717,"G","T","A","T",0.111544089907033,"syn","G2151A","T717T",2,"F17","Contact","Obese",0,0,"160",38.76,"yes","H9N2",NA,2279,2280,99.9561403508772,8,"good"
"43","1794_d04","1794","d04","H9N2_PB2",2157,719,"G","G","A","G",0.12018874565112,"syn","G2157A","G719G",2,"F17","Contact","Obese",0,0,"160",38.76,"yes","H9N2",NA,2279,2280,99.9561403508772,8,"good"
"44","1794_d06","1794","d06","H9N2_PB2",58,20,"C","L","T","L",0.0575702939395143,"syn","C58T","L20L",2,"F17","Contact","Obese",17800,4.250420002,"160",24.1,"yes","H9N2",10938.9581140351,2280,2280,100,8,"good"
"45","1794_d08","1794","d08","H9N2_PB2",58,20,"C","L","T","L",0.267929513549019,"syn","C58T","L20L",2,"F17","Contact","Obese",178000,5.250420002,"160",23.26,"yes","H9N2",8042.13135964912,2280,2280,100,8,"good"
"46","1800_d02","1800","d02","H9N2_HA",841,281,"T","L","C","L",0.0115685862468939,"syn","T841C","L281L",2,"F17","Index","Lean",56200,4.749736316,"640",22.37,"yes","H9N2",15432.3903743316,1683,1683,100,8,"good"
"47","1800_d02","1800","d02","H9N2_HA",651,217,"G","L","A","L",0.0164099607904174,"syn","G651A","L217L",2,"F17","Index","Lean",56200,4.749736316,"640",22.37,"yes","H9N2",15432.3903743316,1683,1683,100,8,"good"
"48","1800_d02","1800","d02","H9N2_NA",291,97,"T","P","C","P",0.0162081884932564,"syn","T291C","P97P",3,"F17","Index","Lean",56200,4.749736316,"640",22.37,"yes","H9N2",16004.5865384615,1404,1404,100,8,"good"
"49","1800_d02","1800","d02","H9N2_NS",183,61,"A","G","G","G",0.0298790500606438,"syn","A183G","G61G",3,"F17","Index","Lean",56200,4.749736316,"640",22.37,"yes","H9N2",20429.4890046296,864,864,100,8,"good"
"50","1800_d02","1800","d02","H9N2_PA",27,9,"C","F","T","F",0.3759754515141,"syn","C27T","F9F",3,"F17","Index","Lean",56200,4.749736316,"640",22.37,"yes","H9N2",9856.5460251046,2151,2151,100,8,"good"
"51","1800_d02","1800","d02","H9N2_PB2",417,139,"C","V","A","V",0.0112480465205609,"syn","C417A","V139V",2,"F17","Index","Lean",56200,4.749736316,"640",22.37,"yes","H9N2",7620.96337719298,2280,2280,100,8,"good"
"52","1800_d04","1800","d04","H9N2_HA",417,139,"C","T","A","T",0.015292524591405,"syn","C417A","T139T",2,"F17","Index","Lean",562,2.749736316,"640",26.32,"yes","H9N2",13556.0350564468,1683,1683,100,8,"good"
"53","1800_d04","1800","d04","H9N2_HA",841,281,"T","L","C","L",0.0123280612334147,"syn","T841C","L281L",2,"F17","Index","Lean",562,2.749736316,"640",26.32,"yes","H9N2",13556.0350564468,1683,1683,100,8,"good"
"54","1800_d04","1800","d04","H9N2_HA",651,217,"G","L","A","L",0.0122749191446689,"syn","G651A","L217L",2,"F17","Index","Lean",562,2.749736316,"640",26.32,"yes","H9N2",13556.0350564468,1683,1683,100,8,"good"
"55","1800_d04","1800","d04","H9N2_NA",291,97,"T","P","C","P",0.0255719764164172,"syn","T291C","P97P",3,"F17","Index","Lean",562,2.749736316,"640",26.32,"yes","H9N2",13712.1014957265,1404,1404,100,8,"good"
"56","1800_d04","1800","d04","H9N2_NS",183,61,"A","G","G","G",0.0498721335647473,"syn","A183G","G61G",3,"F17","Index","Lean",562,2.749736316,"640",26.32,"yes","H9N2",18430.1712962963,864,864,100,8,"good"
"57","1800_d04","1800","d04","H9N2_PA",27,9,"C","F","T","F",0.330519460226385,"syn","C27T","F9F",3,"F17","Index","Lean",562,2.749736316,"640",26.32,"yes","H9N2",7106.08809855881,2151,2151,100,8,"good"
"58","1800_d04","1800","d04","H9N2_PA",375,125,"G","R","A","R",0.132285530194992,"syn","G375A","R125R",2,"F17","Index","Lean",562,2.749736316,"640",26.32,"yes","H9N2",7106.08809855881,2151,2151,100,8,"good"
"59","1800_d06","1800","d06","H9N2_NA",291,97,"T","P","C","P",0.0581825251667183,"syn","T291C","P97P",3,"F17","Index","Lean",0,0,"640",23.39,"yes","H9N2",16602.4273504274,1404,1404,100,8,"good"
"60","1800_d06","1800","d06","H9N2_NS",183,61,"A","G","G","G",0.0456709990178229,"syn","A183G","G61G",3,"F17","Index","Lean",0,0,"640",23.39,"yes","H9N2",23095.0549768519,864,864,100,8,"good"
"61","1800_d06","1800","d06","H9N2_PA",27,9,"C","F","T","F",0.210308051697466,"syn","C27T","F9F",3,"F17","Index","Lean",0,0,"640",23.39,"yes","H9N2",8895.93723849372,2151,2151,100,8,"good"
"62","1800_d06","1800","d06","H9N2_PA",375,125,"G","R","A","R",0.0279268543962105,"syn","G375A","R125R",2,"F17","Index","Lean",0,0,"640",23.39,"yes","H9N2",8895.93723849372,2151,2151,100,8,"good"
"63","1801_d02","1801","d02","H9N2_HA",405,135,"C","F","T","F",0.0118065887447331,"syn","C405T","F135F",2,"F17","Index","Lean",5620,3.749736316,"0",24.09,"yes","H9N2",16327.0894236482,1683,1683,100,8,"good"
"64","1801_d02","1801","d02","H9N2_NP",1083,361,"A","R","G","R",0.0122621905839953,"syn","A1083G","R361R",2,"F17","Index","Lean",5620,3.749736316,"0",24.09,"yes","H9N2",20871.7828991316,1497,1497,100,8,"good"
"65","1801_d02","1801","d02","H9N2_NS",183,61,"A","G","G","G",0.0458654022550555,"syn","A183G","G61G",2,"F17","Index","Lean",5620,3.749736316,"0",24.09,"yes","H9N2",23451.6232638889,864,864,100,8,"good"
"66","1801_d02","1801","d02","H9N2_PA",1488,496,"G","R","A","R",0.0157690149411735,"syn","G1488A","R496R",2,"F17","Index","Lean",5620,3.749736316,"0",24.09,"yes","H9N2",8194.47629009763,2151,2151,100,8,"good"
"67","1801_d02","1801","d02","H9N2_PA",27,9,"C","F","T","F",0.332834837473045,"syn","C27T","F9F",2,"F17","Index","Lean",5620,3.749736316,"0",24.09,"yes","H9N2",8194.47629009763,2151,2151,100,8,"good"
"68","1801_d04","1801","d04","H9N2_HA",405,135,"C","F","T","F",0.018249190952007,"syn","C405T","F135F",2,"F17","Index","Lean",0,0,"0",25.17,"yes","H9N2",14563.3612596554,1683,1683,100,8,"good"
"69","1801_d04","1801","d04","H9N2_NP",1083,361,"A","R","G","R",0.0391269910764748,"syn","A1083G","R361R",2,"F17","Index","Lean",0,0,"0",25.17,"yes","H9N2",16733.9482297929,1497,1497,100,8,"good"
"70","1801_d04","1801","d04","H9N2_NS",183,61,"A","G","G","G",0.0918846324480178,"syn","A183G","G61G",2,"F17","Index","Lean",0,0,"0",25.17,"yes","H9N2",20437.7418981481,864,864,100,8,"good"
"71","1801_d04","1801","d04","H9N2_PA",1488,496,"G","R","A","R",0.0225397726368961,"syn","G1488A","R496R",2,"F17","Index","Lean",0,0,"0",25.17,"yes","H9N2",7254.9109716411,2151,2151,100,8,"good"
"72","1801_d04","1801","d04","H9N2_PA",27,9,"C","F","T","F",0.30502941904096,"syn","C27T","F9F",2,"F17","Index","Lean",0,0,"0",25.17,"yes","H9N2",7254.9109716411,2151,2151,100,8,"good"
"73","1912_d02","1912","d02","H9N2_NS",183,61,"A","G","G","G",0.0460940130350522,"syn","A183G","G61G",3,"Sm18","Index","Obese",562000,5.749736316,"320",22.48,"yes","H9N2",24139.3217592593,864,864,100,8,"good"
"74","1912_d02","1912","d02","H9N2_PA",27,9,"C","F","T","F",0.35098909361046,"syn","C27T","F9F",3,"Sm18","Index","Obese",562000,5.749736316,"320",22.48,"yes","H9N2",9750.35611343561,2151,2151,100,8,"good"
"75","1912_d02","1912","d02","H9N2_PA",585,195,"G","E","A","E",0.0914071360504234,"syn","G585A","E195E",3,"Sm18","Index","Obese",562000,5.749736316,"320",22.48,"yes","H9N2",9750.35611343561,2151,2151,100,8,"good"
"76","1912_d02","1912","d02","H9N2_PB1",222,74,"T","P","C","P",0.027580793732431,"syn","T222C","P74P",2,"Sm18","Index","Obese",562000,5.749736316,"320",22.48,"yes","H9N2",8273.30478700044,2277,2277,100,8,"good"
"77","1912_d02","1912","d02","H9N2_PB2",393,131,"C","G","T","G",0.0301112892909673,"syn","C393T","G131G",2,"Sm18","Index","Obese",562000,5.749736316,"320",22.48,"yes","H9N2",6277.59802631579,2280,2280,100,8,"good"
"78","1912_d02","1912","d02","H9N2_PB2",639,213,"C","R","A","R",0.0543184447742651,"syn","C639A","R213R",3,"Sm18","Index","Obese",562000,5.749736316,"320",22.48,"yes","H9N2",6277.59802631579,2280,2280,100,8,"good"
"79","1912_d02","1912","d02","H9N2_PB2",2028,676,"A","T","T","T",0.0126951612811083,"syn","A2028T","T676T",3,"Sm18","Index","Obese",562000,5.749736316,"320",22.48,"yes","H9N2",6277.59802631579,2280,2280,100,8,"good"
"80","1912_d04","1912","d04","H9N2_NS",183,61,"A","G","G","G",0.0554961201869354,"syn","A183G","G61G",3,"Sm18","Index","Obese",31600,4.499687083,"320",26.96,"yes","H9N2",21375.5451388889,864,864,100,8,"good"
"81","1912_d04","1912","d04","H9N2_PA",585,195,"G","E","A","E",0.064819699925645,"syn","G585A","E195E",3,"Sm18","Index","Obese",31600,4.499687083,"320",26.96,"yes","H9N2",7092.16643421664,2151,2151,100,8,"good"
"82","1912_d04","1912","d04","H9N2_PA",27,9,"C","F","T","F",0.287094975094519,"syn","C27T","F9F",3,"Sm18","Index","Obese",31600,4.499687083,"320",26.96,"yes","H9N2",7092.16643421664,2151,2151,100,8,"good"
"83","1912_d04","1912","d04","H9N2_PB1",222,74,"T","P","C","P",0.044294712982974,"syn","T222C","P74P",2,"Sm18","Index","Obese",31600,4.499687083,"320",26.96,"yes","H9N2",7863.68774703557,2277,2277,100,8,"good"
"84","1912_d04","1912","d04","H9N2_PB2",2028,676,"A","T","T","T",0.0107326484548202,"syn","A2028T","T676T",3,"Sm18","Index","Obese",31600,4.499687083,"320",26.96,"yes","H9N2",5917.39385964912,2280,2280,100,8,"good"
"85","1912_d04","1912","d04","H9N2_PB2",393,131,"C","G","T","G",0.0232772270956709,"syn","C393T","G131G",2,"Sm18","Index","Obese",31600,4.499687083,"320",26.96,"yes","H9N2",5917.39385964912,2280,2280,100,8,"good"
"86","1912_d04","1912","d04","H9N2_PB2",639,213,"C","R","A","R",0.0413364722865773,"syn","C639A","R213R",3,"Sm18","Index","Obese",31600,4.499687083,"320",26.96,"yes","H9N2",5917.39385964912,2280,2280,100,8,"good"
"87","1912_d06","1912","d06","H9N2_NS",183,61,"A","G","G","G",0.0422507193803535,"syn","A183G","G61G",3,"Sm18","Index","Obese",0,0,"320",27.24,"yes","H9N2",17738.171875,864,864,100,8,"good"
"88","1912_d06","1912","d06","H9N2_PA",27,9,"C","F","T","F",0.286810481684042,"syn","C27T","F9F",3,"Sm18","Index","Obese",0,0,"320",27.24,"yes","H9N2",3883.6229660623,2151,2151,100,8,"good"
"89","1912_d06","1912","d06","H9N2_PA",585,195,"G","E","A","E",0.1174894901877,"syn","G585A","E195E",3,"Sm18","Index","Obese",0,0,"320",27.24,"yes","H9N2",3883.6229660623,2151,2151,100,8,"good"
"90","1912_d06","1912","d06","H9N2_PB2",639,213,"C","R","A","R",0.050896934990779,"syn","C639A","R213R",3,"Sm18","Index","Obese",0,0,"320",27.24,"yes","H9N2",2582.82807017544,2280,2280,100,8,"good"
"91","1912_d06","1912","d06","H9N2_PB2",2028,676,"A","T","T","T",0.0158535120829273,"syn","A2028T","T676T",3,"Sm18","Index","Obese",0,0,"320",27.24,"yes","H9N2",2582.82807017544,2280,2280,100,8,"good"
"92","1913_d06","1913","d06","H9N2_PB1",36,12,"G","V","A","V",0.0207536755359748,"syn","G36A","V12V",2,"Sm18","Contact","Lean",5620,3.749736316,"160",34.02,"yes","H9N2",13801.1418533158,2277,2277,100,8,"good"
"93","1913_d08","1913","d08","H9N2_PB1",36,12,"G","V","A","V",0.0563897241099027,"syn","G36A","V12V",2,"Sm18","Contact","Lean",56200,4.749736316,"160",28.64,"yes","H9N2",10088.5597277119,2277,2277,100,8,"good"
"94","1973_d02","1973","d02","H9N2_NS",183,61,"A","G","G","G",0.0310379718956705,"syn","A183G","G61G",2,"Sm18","Index","Lean",56200,4.749736316,"640",24.5,"yes","H9N2",24073.9033564815,864,864,100,8,"good"
"95","1973_d02","1973","d02","H9N2_PA",27,9,"C","F","T","F",0.357863308281866,"syn","C27T","F9F",2,"Sm18","Index","Lean",56200,4.749736316,"640",24.5,"yes","H9N2",9540.10715946072,2151,2151,100,8,"good"
"96","1973_d02","1973","d02","H9N2_PB2",2028,676,"A","T","T","T",0.0106285808597233,"syn","A2028T","T676T",2,"Sm18","Index","Lean",56200,4.749736316,"640",24.5,"yes","H9N2",6722.53925438597,2280,2280,100,8,"good"
"97","1973_d06","1973","d06","H9N2_NS",183,61,"A","G","G","G",0.0537184570798016,"syn","A183G","G61G",2,"Sm18","Index","Lean",0,0,"640",30.9,"yes","H9N2",5106.67708333333,864,864,100,8,"good"
"98","1973_d06","1973","d06","H9N2_PA",27,9,"C","F","T","F",0.212432415783314,"syn","C27T","F9F",2,"Sm18","Index","Lean",0,0,"640",30.9,"yes","H9N2",545.808926080893,2151,2151,100,8,"good"
"99","1973_d06","1973","d06","H9N2_PB2",2028,676,"A","T","T","T",0.0218319886093972,"syn","A2028T","T676T",2,"Sm18","Index","Lean",0,0,"640",30.9,"yes","H9N2",292.782236842105,921,2280,40.3947368421053,8,"good"
"100","1975_d04","1975","d04","H9N2_NS",183,61,"A","G","G","G",0.0291316654758777,"syn","A183G","G61G",2,"Sm18","Index","Lean",175000,5.243038049,"640",24.15,"yes","H9N2",24073.8645833333,864,864,100,8,"good"
"101","1975_d04","1975","d04","H9N2_PA",27,9,"C","F","T","F",0.292354129654847,"syn","C27T","F9F",2,"Sm18","Index","Lean",175000,5.243038049,"640",24.15,"yes","H9N2",10606.8312412831,2151,2151,100,8,"good"
"102","1975_d04","1975","d04","H9N2_PA",585,195,"G","E","A","E",0.0778141337876233,"syn","G585A","E195E",2,"Sm18","Index","Lean",175000,5.243038049,"640",24.15,"yes","H9N2",10606.8312412831,2151,2151,100,8,"good"
"103","1975_d04","1975","d04","H9N2_PB2",639,213,"C","R","A","R",0.0481880938082133,"syn","C639A","R213R",2,"Sm18","Index","Lean",175000,5.243038049,"640",24.15,"yes","H9N2",9034.27850877193,2280,2280,100,8,"good"
"104","1975_d06","1975","d06","H9N2_NS",183,61,"A","G","G","G",0.0108520656608735,"syn","A183G","G61G",2,"Sm18","Index","Lean",0,0,"640",28,"yes","H9N2",17281.6076388889,864,864,100,8,"good"
"105","1975_d06","1975","d06","H9N2_PA",27,9,"C","F","T","F",0.312144503062276,"syn","C27T","F9F",2,"Sm18","Index","Lean",0,0,"640",28,"yes","H9N2",4526.23733147373,2151,2151,100,8,"good"
"106","1975_d06","1975","d06","H9N2_PA",585,195,"G","E","A","E",0.0373979053109215,"syn","G585A","E195E",2,"Sm18","Index","Lean",0,0,"640",28,"yes","H9N2",4526.23733147373,2151,2151,100,8,"good"
"107","1975_d06","1975","d06","H9N2_PB2",639,213,"C","R","A","R",0.0224937991059384,"syn","C639A","R213R",2,"Sm18","Index","Lean",0,0,"640",28,"yes","H9N2",3618.11754385965,2280,2280,100,8,"good"
"108","1977_d02","1977","d02","H9N2_NS",375,125,"T","G","A","G",0.0105764500239191,"syn","T375A","G125G",2,"Sm18","Index","Lean",31600,4.499687083,"640",26.54,"yes","H9N2",22620.7528935185,864,864,100,8,"good"
"109","1977_d02","1977","d02","H9N2_PA",27,9,"C","F","T","F",0.353989265450387,"syn","C27T","F9F",2,"Sm18","Index","Lean",31600,4.499687083,"640",26.54,"yes","H9N2",7705.3279869828,2151,2151,100,8,"good"
"110","1977_d06","1977","d06","H9N2_NS",375,125,"T","G","A","G",0.02294075295871,"syn","T375A","G125G",2,"Sm18","Index","Lean",0,0,"640",33.66,"yes","H9N2",6104.61168981481,864,864,100,8,"good"
"111","1977_d06","1977","d06","H9N2_PA",27,9,"C","F","T","F",0.299522157996146,"syn","C27T","F9F",2,"Sm18","Index","Lean",0,0,"640",33.66,"yes","H9N2",517.240585774059,2151,2151,100,8,"good"
"112","1980_d04","1980","d04","H9N2_PB1",1578,526,"A","G","G","G",0.0915617177258746,"syn","A1578G","G526G",2,"Sm18","Contact","Obese",31600,4.499687083,"320",29.07,"yes","H9N2",11572.6934563022,2277,2277,100,8,"good"
"113","1980_d04","1980","d04","H9N2_PB2",2061,687,"G","E","A","E",0.0352178583203054,"syn","G2061A","E687E",2,"Sm18","Contact","Obese",31600,4.499687083,"320",29.07,"yes","H9N2",9681.98881578947,2280,2280,100,8,"good"
"114","1980_d06","1980","d06","H9N2_PB1",1578,526,"A","G","G","G",0.0599984536824575,"syn","A1578G","G526G",2,"Sm18","Contact","Obese",56200,4.749736316,"320",27.85,"yes","H9N2",11968.1016688625,2277,2277,100,8,"good"
"115","1980_d06","1980","d06","H9N2_PB2",2061,687,"G","E","A","E",0.0901614848050924,"syn","G2061A","E687E",2,"Sm18","Contact","Obese",56200,4.749736316,"320",27.85,"yes","H9N2",6478.57083333333,2280,2280,100,8,"good"
"116","1984_d02","1984","d02","H9N2_NP",738,246,"A","R","G","R",0.0126235827386646,"syn","A738G","R246R",2,"Sm18","Index","Obese",5620,3.749736316,"320",26.57,"yes","H9N2",17325.2294589178,1497,1497,100,8,"good"
"117","1984_d02","1984","d02","H9N2_NS",183,61,"A","G","G","G",0.0293422559889208,"syn","A183G","G61G",2,"Sm18","Index","Obese",5620,3.749736316,"320",26.57,"yes","H9N2",25244.5266203704,864,864,100,8,"good"
"118","1984_d02","1984","d02","H9N2_PA",27,9,"C","F","T","F",0.31699955888347,"syn","C27T","F9F",2,"Sm18","Index","Obese",5620,3.749736316,"320",26.57,"yes","H9N2",5992.43375174338,2151,2151,100,8,"good"
"119","1984_d02","1984","d02","H9N2_PA",585,195,"G","E","A","E",0.0624828838303824,"syn","G585A","E195E",2,"Sm18","Index","Obese",5620,3.749736316,"320",26.57,"yes","H9N2",5992.43375174338,2151,2151,100,8,"good"
"120","1984_d02","1984","d02","H9N2_PB2",639,213,"C","R","A","R",0.0504780804492554,"syn","C639A","R213R",2,"Sm18","Index","Obese",5620,3.749736316,"320",26.57,"yes","H9N2",3882.05043859649,2280,2280,100,8,"good"
"121","1984_d02","1984","d02","H9N2_PB2",393,131,"C","G","T","G",0.0296752238618721,"syn","C393T","G131G",2,"Sm18","Index","Obese",5620,3.749736316,"320",26.57,"yes","H9N2",3882.05043859649,2280,2280,100,8,"good"
"122","1984_d04","1984","d04","H9N2_NP",738,246,"A","R","G","R",0.0332731604875383,"syn","A738G","R246R",2,"Sm18","Index","Obese",3160,3.499687083,"320",28.06,"yes","H9N2",14209.5871743487,1497,1497,100,8,"good"
"123","1984_d04","1984","d04","H9N2_NS",183,61,"A","G","G","G",0.0605732544398715,"syn","A183G","G61G",2,"Sm18","Index","Obese",3160,3.499687083,"320",28.06,"yes","H9N2",21521.1649305556,864,864,100,8,"good"
"124","1984_d04","1984","d04","H9N2_PA",27,9,"C","F","T","F",0.302690486259917,"syn","C27T","F9F",2,"Sm18","Index","Obese",3160,3.499687083,"320",28.06,"yes","H9N2",6058.04718735472,2151,2151,100,8,"good"
"125","1984_d04","1984","d04","H9N2_PA",585,195,"G","E","A","E",0.0717165978843322,"syn","G585A","E195E",2,"Sm18","Index","Obese",3160,3.499687083,"320",28.06,"yes","H9N2",6058.04718735472,2151,2151,100,8,"good"
"126","1984_d04","1984","d04","H9N2_PB2",639,213,"C","R","A","R",0.0519058254597705,"syn","C639A","R213R",2,"Sm18","Index","Obese",3160,3.499687083,"320",28.06,"yes","H9N2",5016.22938596491,2280,2280,100,8,"good"
"127","1984_d04","1984","d04","H9N2_PB2",393,131,"C","G","T","G",0.0423533683625956,"syn","C393T","G131G",2,"Sm18","Index","Obese",3160,3.499687083,"320",28.06,"yes","H9N2",5016.22938596491,2280,2280,100,8,"good"
"128","2232_d06","2232","d06","H9N2_HA",747,249,"A","Q","G","Q",0.562294571011316,"syn","A747G","Q249Q",2,"Sp19","Contact","Obese",562000,5.749736316,"640",24.96,"yes","H9N2",19808.9120617944,1683,1683,100,8,"good"
"129","2232_d08","2232","d08","H9N2_HA",747,249,"A","Q","G","Q",0.292851240160757,"syn","A747G","Q249Q",2,"Sp19","Contact","Obese",562000,5.749736316,"640",24.46,"yes","H9N2",667.636066547831,1672,1683,99.3464052287582,8,"good"
"130","2239_d06","2239","d06","H9N2_NS",303,101,"T","D","C","D",0.0121810666843177,"syn","T303C","D101D",2,"Sp19","Contact","Obese",1780000,6.250420002,"320",24.08,"yes","H9N2",25118.2899305556,864,864,100,8,"good"
"131","2239_d10","2239","d10","H9N2_NS",303,101,"T","D","C","D",0.0233388358569134,"syn","T303C","D101D",2,"Sp19","Contact","Obese",316,2.499687083,"320",29.9,"yes","H9N2",10420.6001157407,864,864,100,8,"good"
"132","2243_d04","2243","d04","H9N2_HA",774,258,"T","N","C","N",0.120049786297257,"syn","T774C","N258N",3,"Sp19","Contact","Lean",1780000,6.250420002,"640",27.65,"yes","H9N2",17693.1090314914,1683,1683,100,8,"good"
"133","2243_d06","2243","d06","H9N2_HA",774,258,"T","N","C","N",0.233502767047267,"syn","T774C","N258N",3,"Sp19","Contact","Lean",316000,5.499687083,"640",24.96,"yes","H9N2",19319.0510992276,1683,1683,100,8,"good"
"134","2243_d08","2243","d08","H9N2_HA",774,258,"T","N","C","N",0.388769632610339,"syn","T774C","N258N",3,"Sp19","Contact","Lean",17800000,7.250420002,"640",24.02,"yes","H9N2",16672.7941176471,1683,1683,100,8,"good"
"135","2251_d04","2251","d04","H9N2_HA",1173,391,"T","N","C","N",0.0668019520498218,"syn","T1173C","N391N",2,"Sp19","Index","Lean",178000,5.250420002,"320",26.31,"yes","H9N2",15560.6506238859,1683,1683,100,8,"good"
"136","2251_d04","2251","d04","H9N2_NA",969,323,"A","T","G","T",0.0314491956137965,"syn","A969G","T323T",2,"Sp19","Index","Lean",178000,5.250420002,"320",26.31,"yes","H9N2",13681.9686609687,1404,1404,100,8,"good"
"137","2251_d04","2251","d04","H9N2_NA",399,133,"G","G","A","G",0.0271375982264937,"syn","G399A","G133G",2,"Sp19","Index","Lean",178000,5.250420002,"320",26.31,"yes","H9N2",13681.9686609687,1404,1404,100,8,"good"
"138","2251_d04","2251","d04","H9N2_NP",1239,413,"A","S","C","S",0.0558155858805066,"syn","A1239C","S413S",2,"Sp19","Index","Lean",178000,5.250420002,"320",26.31,"yes","H9N2",14527.8520374081,1497,1497,100,8,"good"
"139","2251_d04","2251","d04","H9N2_NP",174,58,"G","Q","A","Q",0.0294544239806356,"syn","G174A","Q58Q",2,"Sp19","Index","Lean",178000,5.250420002,"320",26.31,"yes","H9N2",14527.8520374081,1497,1497,100,8,"good"
"140","2251_d04","2251","d04","H9N2_NS",183,61,"A","G","G","G",0.124102402466712,"syn","A183G","G61G",2,"Sp19","Index","Lean",178000,5.250420002,"320",26.31,"yes","H9N2",23604.0306712963,864,864,100,8,"good"
"141","2251_d04","2251","d04","H9N2_PA",585,195,"G","E","A","E",0.0969294539964918,"syn","G585A","E195E",2,"Sp19","Index","Lean",178000,5.250420002,"320",26.31,"yes","H9N2",7429.51464435146,2151,2151,100,8,"good"
"142","2251_d04","2251","d04","H9N2_PA",27,9,"C","F","T","F",0.461718127776131,"syn","C27T","F9F",2,"Sp19","Index","Lean",178000,5.250420002,"320",26.31,"yes","H9N2",7429.51464435146,2151,2151,100,8,"good"
"143","2251_d04","2251","d04","H9N2_PB2",2037,679,"A","P","G","P",0.0175636616807937,"syn","A2037G","P679P",2,"Sp19","Index","Lean",178000,5.250420002,"320",26.31,"yes","H9N2",5460.59210526316,2280,2280,100,8,"good"
"144","2251_d04","2251","d04","H9N2_PB2",639,213,"C","R","A","R",0.0775632075785305,"syn","C639A","R213R",2,"Sp19","Index","Lean",178000,5.250420002,"320",26.31,"yes","H9N2",5460.59210526316,2280,2280,100,8,"good"
"145","2251_d04","2251","d04","H9N2_PB2",262,88,"A","R","C","R",0.0365783661251417,"syn","A262C","R88R",2,"Sp19","Index","Lean",178000,5.250420002,"320",26.31,"yes","H9N2",5460.59210526316,2280,2280,100,8,"good"
"146","2251_d04","2251","d04","H9N2_PB2",393,131,"C","G","T","G",0.0317864301131365,"syn","C393T","G131G",2,"Sp19","Index","Lean",178000,5.250420002,"320",26.31,"yes","H9N2",5460.59210526316,2280,2280,100,8,"good"
"147","2251_d06","2251","d06","H9N2_HA",1173,391,"T","N","C","N",0.0224433538095423,"syn","T1173C","N391N",2,"Sp19","Index","Lean",56200,4.749736316,"320",25.82,"yes","H9N2",12193.742721331,1683,1683,100,8,"good"
"148","2251_d06","2251","d06","H9N2_NA",969,323,"A","T","G","T",0.0352871770504069,"syn","A969G","T323T",2,"Sp19","Index","Lean",56200,4.749736316,"320",25.82,"yes","H9N2",10527.9494301994,1404,1404,100,8,"good"
"149","2251_d06","2251","d06","H9N2_NA",399,133,"G","G","A","G",0.0326638765590765,"syn","G399A","G133G",2,"Sp19","Index","Lean",56200,4.749736316,"320",25.82,"yes","H9N2",10527.9494301994,1404,1404,100,8,"good"
"150","2251_d06","2251","d06","H9N2_NP",174,58,"G","Q","A","Q",0.0240901958671204,"syn","G174A","Q58Q",2,"Sp19","Index","Lean",56200,4.749736316,"320",25.82,"yes","H9N2",8792.72678690715,1497,1497,100,8,"good"
"151","2251_d06","2251","d06","H9N2_NP",1239,413,"A","S","C","S",0.0154978435999642,"syn","A1239C","S413S",2,"Sp19","Index","Lean",56200,4.749736316,"320",25.82,"yes","H9N2",8792.72678690715,1497,1497,100,8,"good"
"152","2251_d06","2251","d06","H9N2_NS",183,61,"A","G","G","G",0.0228973468482458,"syn","A183G","G61G",2,"Sp19","Index","Lean",56200,4.749736316,"320",25.82,"yes","H9N2",21621.8234953704,864,864,100,8,"good"
"153","2251_d06","2251","d06","H9N2_PA",27,9,"C","F","T","F",0.390971022156019,"syn","C27T","F9F",2,"Sp19","Index","Lean",56200,4.749736316,"320",25.82,"yes","H9N2",6007.83984193398,2151,2151,100,8,"good"
"154","2251_d06","2251","d06","H9N2_PA",585,195,"G","E","A","E",0.105996662225568,"syn","G585A","E195E",2,"Sp19","Index","Lean",56200,4.749736316,"320",25.82,"yes","H9N2",6007.83984193398,2151,2151,100,8,"good"
"155","2251_d06","2251","d06","H9N2_PB2",2037,679,"A","P","G","P",0.0206117999631175,"syn","A2037G","P679P",2,"Sp19","Index","Lean",56200,4.749736316,"320",25.82,"yes","H9N2",4300.1625,2280,2280,100,8,"good"
"156","2251_d06","2251","d06","H9N2_PB2",262,88,"A","R","C","R",0.0265289345464485,"syn","A262C","R88R",2,"Sp19","Index","Lean",56200,4.749736316,"320",25.82,"yes","H9N2",4300.1625,2280,2280,100,8,"good"
"157","2251_d06","2251","d06","H9N2_PB2",393,131,"C","G","T","G",0.0282415658076214,"syn","C393T","G131G",2,"Sp19","Index","Lean",56200,4.749736316,"320",25.82,"yes","H9N2",4300.1625,2280,2280,100,8,"good"
"158","2251_d06","2251","d06","H9N2_PB2",639,213,"C","R","A","R",0.0704251473222048,"syn","C639A","R213R",2,"Sp19","Index","Lean",56200,4.749736316,"320",25.82,"yes","H9N2",4300.1625,2280,2280,100,8,"good"
"159","2253_d04","2253","d04","H9N2_NP",726,242,"G","V","A","V",0.0203060020866958,"syn","G726A","V242V",2,"Sp19","Index","Lean",178000,5.250420002,"640",23.96,"yes","H9N2",14427.585504342,1497,1497,100,8,"good"
"160","2253_d04","2253","d04","H9N2_PB2",639,213,"C","R","A","R",0.0834280642081394,"syn","C639A","R213R",2,"Sp19","Index","Lean",178000,5.250420002,"640",23.96,"yes","H9N2",3348.68377192982,2280,2280,100,8,"good"
"161","2253_d08","2253","d08","H9N2_NP",726,242,"G","V","A","V",0.15308348424395,"syn","G726A","V242V",2,"Sp19","Index","Lean",0,0,"640",32.8,"yes","H9N2",682.545758183033,1482,1497,98.997995991984,8,"good"
"162","2253_d08","2253","d08","H9N2_PB2",639,213,"C","R","A","R",0.292757170652106,"syn","C639A","R213R",2,"Sp19","Index","Lean",0,0,"640",32.8,"yes","H9N2",395.84298245614,2276,2280,99.8245614035088,8,"good"
"163","2254_d02","2254","d02","H9N2_HA",237,79,"C","V","T","V",0.0263221467802312,"syn","C237T","V79V",4,"Sp19","Index","Lean",1e+07,7,"320",21.5,"yes","H9N2",19363.0415923945,1683,1683,100,8,"good"
"164","2254_d02","2254","d02","H9N2_NS",183,61,"A","G","G","G",0.0392751119195692,"syn","A183G","G61G",4,"Sp19","Index","Lean",1e+07,7,"320",21.5,"yes","H9N2",25448.6099537037,864,864,100,8,"good"
"165","2254_d02","2254","d02","H9N2_PA",213,71,"G","L","A","L",0.0871636574874773,"syn","G213A","L71L",2,"Sp19","Index","Lean",1e+07,7,"320",21.5,"yes","H9N2",NA,2150,2151,99.953509995351,8,"good"
"166","2254_d02","2254","d02","H9N2_PA",585,195,"G","E","A","E",0.0615230324908679,"syn","G585A","E195E",3,"Sp19","Index","Lean",1e+07,7,"320",21.5,"yes","H9N2",NA,2150,2151,99.953509995351,8,"good"
"167","2254_d02","2254","d02","H9N2_PB2",393,131,"C","G","T","G",0.0988763396159378,"syn","C393T","G131G",3,"Sp19","Index","Lean",1e+07,7,"320",21.5,"yes","H9N2",7670.5649122807,2280,2280,100,8,"good"
"168","2254_d02","2254","d02","H9N2_PB2",639,213,"C","R","A","R",0.0277939651251595,"syn","C639A","R213R",2,"Sp19","Index","Lean",1e+07,7,"320",21.5,"yes","H9N2",7670.5649122807,2280,2280,100,8,"good"
"169","2254_d02","2254","d02","H9N2_PB2",1005,335,"G","G","A","G",0.0229436835532598,"syn","G1005A","G335G",3,"Sp19","Index","Lean",1e+07,7,"320",21.5,"yes","H9N2",7670.5649122807,2280,2280,100,8,"good"
"170","2254_d04","2254","d04","H9N2_HA",237,79,"C","V","T","V",0.0523939593861907,"syn","C237T","V79V",4,"Sp19","Index","Lean",3160000,6.499687083,"320",24.66,"yes","H9N2",18751.9301841949,1683,1683,100,8,"good"
"171","2254_d04","2254","d04","H9N2_NA",1002,334,"C","N","T","N",0.0532089516697292,"syn","C1002T","N334N",2,"Sp19","Index","Lean",3160000,6.499687083,"320",24.66,"yes","H9N2",16637.0042735043,1404,1404,100,8,"good"
"172","2254_d04","2254","d04","H9N2_NP",801,267,"A","R","G","R",0.0282067190254014,"syn","A801G","R267R",2,"Sp19","Index","Lean",3160000,6.499687083,"320",24.66,"yes","H9N2",17779.6673346693,1497,1497,100,8,"good"
"173","2254_d04","2254","d04","H9N2_NS",183,61,"A","G","G","G",0.0318537956135491,"syn","A183G","G61G",4,"Sp19","Index","Lean",3160000,6.499687083,"320",24.66,"yes","H9N2",23273.6695601852,864,864,100,8,"good"
"174","2254_d04","2254","d04","H9N2_PA",27,9,"C","F","T","F",0.506444814509393,"syn","C27T","F9F",3,"Sp19","Index","Lean",3160000,6.499687083,"320",24.66,"yes","H9N2",10778.6541143654,2151,2151,100,8,"good"
"175","2254_d04","2254","d04","H9N2_PA",1791,597,"G","E","A","E",0.0107452902105265,"syn","G1791A","E597E",2,"Sp19","Index","Lean",3160000,6.499687083,"320",24.66,"yes","H9N2",10778.6541143654,2151,2151,100,8,"good"
"176","2254_d04","2254","d04","H9N2_PA",585,195,"G","E","A","E",0.059429636099118,"syn","G585A","E195E",3,"Sp19","Index","Lean",3160000,6.499687083,"320",24.66,"yes","H9N2",10778.6541143654,2151,2151,100,8,"good"
"177","2254_d04","2254","d04","H9N2_PB2",1005,335,"G","G","A","G",0.0313561766281815,"syn","G1005A","G335G",3,"Sp19","Index","Lean",3160000,6.499687083,"320",24.66,"yes","H9N2",8042.94385964912,2280,2280,100,8,"good"
"178","2254_d04","2254","d04","H9N2_PB2",393,131,"C","G","T","G",0.027431501346165,"syn","C393T","G131G",3,"Sp19","Index","Lean",3160000,6.499687083,"320",24.66,"yes","H9N2",8042.94385964912,2280,2280,100,8,"good"
"179","2254_d04","2254","d04","H9N2_PB2",639,213,"C","R","A","R",0.0285449235539263,"syn","C639A","R213R",2,"Sp19","Index","Lean",3160000,6.499687083,"320",24.66,"yes","H9N2",8042.94385964912,2280,2280,100,8,"good"
"180","2254_d06","2254","d06","H9N2_HA",237,79,"C","V","T","V",0.193427724406993,"syn","C237T","V79V",4,"Sp19","Index","Lean",3160000,6.499687083,"320",22.65,"yes","H9N2",14542.0935828877,1683,1683,100,8,"good"
"181","2254_d06","2254","d06","H9N2_NA",1002,334,"C","N","T","N",0.0366974316880156,"syn","C1002T","N334N",2,"Sp19","Index","Lean",3160000,6.499687083,"320",22.65,"yes","H9N2",14405.150997151,1404,1404,100,8,"good"
"182","2254_d06","2254","d06","H9N2_NP",801,267,"A","R","G","R",0.0159920568939833,"syn","A801G","R267R",2,"Sp19","Index","Lean",3160000,6.499687083,"320",22.65,"yes","H9N2",13177.2778891116,1497,1497,100,8,"good"
"183","2254_d06","2254","d06","H9N2_NS",183,61,"A","G","G","G",0.0648182935515439,"syn","A183G","G61G",4,"Sp19","Index","Lean",3160000,6.499687083,"320",22.65,"yes","H9N2",28031.9762731481,864,864,100,8,"good"
"184","2254_d06","2254","d06","H9N2_PA",1791,597,"G","E","A","E",0.0115191495858825,"syn","G1791A","E597E",2,"Sp19","Index","Lean",3160000,6.499687083,"320",22.65,"yes","H9N2",7136.61715481172,2151,2151,100,8,"good"
"185","2254_d06","2254","d06","H9N2_PA",213,71,"G","L","A","L",0.03548924451604,"syn","G213A","L71L",2,"Sp19","Index","Lean",3160000,6.499687083,"320",22.65,"yes","H9N2",7136.61715481172,2151,2151,100,8,"good"
"186","2254_d06","2254","d06","H9N2_PA",27,9,"C","F","T","F",0.480259768036477,"syn","C27T","F9F",3,"Sp19","Index","Lean",3160000,6.499687083,"320",22.65,"yes","H9N2",7136.61715481172,2151,2151,100,8,"good"
"187","2254_d06","2254","d06","H9N2_PA",585,195,"G","E","A","E",0.0172994094499908,"syn","G585A","E195E",3,"Sp19","Index","Lean",3160000,6.499687083,"320",22.65,"yes","H9N2",7136.61715481172,2151,2151,100,8,"good"
"188","2254_d06","2254","d06","H9N2_PB2",1005,335,"G","G","A","G",0.108483833718245,"syn","G1005A","G335G",3,"Sp19","Index","Lean",3160000,6.499687083,"320",22.65,"yes","H9N2",4230.95635964912,2280,2280,100,8,"good"
"189","2254_d06","2254","d06","H9N2_PB2",393,131,"C","G","T","G",0.0145736760781009,"syn","C393T","G131G",3,"Sp19","Index","Lean",3160000,6.499687083,"320",22.65,"yes","H9N2",4230.95635964912,2280,2280,100,8,"good"
"190","2254_d08","2254","d08","H9N2_HA",237,79,"C","V","T","V",0.219902295389145,"syn","C237T","V79V",4,"Sp19","Index","Lean",178,2.250420002,"320",30.36,"yes","H9N2",851.196672608437,1657,1683,98.4551396316102,8,"good"
"191","2254_d08","2254","d08","H9N2_NS",183,61,"A","G","G","G",0.0934648548577764,"syn","A183G","G61G",4,"Sp19","Index","Lean",178,2.250420002,"320",30.36,"yes","H9N2",4019.83333333333,863,864,99.8842592592593,8,"good"
"192","2254_d08","2254","d08","H9N2_PA",27,9,"C","F","T","F",0.540862562095439,"syn","C27T","F9F",3,"Sp19","Index","Lean",178,2.250420002,"320",30.36,"yes","H9N2",486.995815899582,1582,2151,73.5471873547187,8,"good"
