"sample","ntvarpos","aapos","major","majoraa","minor","minoraa","minorfreq","nonsyn"
"F17_HK1073","H9N2_HA_701",234,"T","L","A","Q",0.060876772890543,"nonsyn"
"F17_HK1073","H9N2_NA_291",97,"T","P","C","P",0.0135138479904523,"syn"
"F17_HK1073","H9N2_NP_326",109,"C","T","T","I",0.195890264893601,"nonsyn"
"F17_HK1073","H9N2_NS_183",61,"A","G","G","G",0.0240672077087239,"syn"
"F17_HK1073","H9N2_NS_241",81,"A","I","G","V",0.0141454415849248,"nonsyn"
"F17_HK1073","H9N2_PA_1478",493,"A","E","C","A",0.0344336212236967,"nonsyn"
"F17_HK1073","H9N2_PA_1891",631,"G","G","A","S",0.0155089483007707,"nonsyn"
"F17_HK1073","H9N2_PA_239",80,"A","E","G","G",0.0118265785746561,"nonsyn"
"F17_HK1073","H9N2_PA_27",9,"C","F","T","F",0.374351166432852,"syn"
"F17_HK1073","H9N2_PA_585",195,"G","E","A","E",0.0234492374727669,"syn"
"F17_HK1073","H9N2_PB1_1375",459,"A","I","G","V",0.0228539529846172,"nonsyn"
"F17_HK1073","H9N2_PB1_1376",459,"T","I","C","T",0.0233521454458153,"nonsyn"
"F17_HK1073","H9N2_PB1_1378",460,"C","Q","A","K",0.032305902467443,"nonsyn"
"F17_HK1073","H9N2_PB1_1701",567,"A","Q","C","H",0.0269914363466984,"nonsyn"
"F17_HK1073","H9N2_PB1_1882",628,"C","L","A","M",0.18209901656406,"nonsyn"
"F17_HK1073","H9N2_PB1_888",296,"A","T","G","T",0.0200498031761859,"syn"
"F17_HK1073","H9N2_PB1_965",322,"T","I","C","T",0.0174739372257469,"nonsyn"
"F17_HK1073","H9N2_PB2_1232",411,"T","V","A","E",0.0109514896408801,"nonsyn"
"F17_HK1073","H9N2_PB2_1264",422,"A","N","T","Y",0.0184677191550799,"nonsyn"
"F17_HK1073","H9N2_PB2_2028",676,"A","T","T","T",0.0284586202261288,"syn"
"F17_HK1073","H9N2_PB2_2103",701,"C","D","A","E",0.0219001742709824,"nonsyn"
"F17_HK1073","H9N2_PB2_2214",738,"A","K","C","N",0.0218175448256225,"nonsyn"
"F17_HK1073","H9N2_PB2_639",213,"C","R","A","R",0.0216580691844452,"syn"
"W17_HK1073","H9N2_HA_1402",468,"G","A","A","T",0.0286342343773052,"nonsyn"
"W17_HK1073","H9N2_HA_701",234,"T","L","A","Q",0.0589872568946397,"nonsyn"
"W17_HK1073","H9N2_NA_291",97,"T","P","C","P",0.013356669709619,"syn"
"W17_HK1073","H9N2_NP_326",109,"C","T","T","I",0.193473619880733,"nonsyn"
"W17_HK1073","H9N2_NS_183",61,"A","G","G","G",0.0224511495375541,"syn"
"W17_HK1073","H9N2_NS_241",81,"A","I","G","V",0.0136960238672026,"nonsyn"
"W17_HK1073","H9N2_PA_239",80,"A","E","G","G",0.017306405371904,"nonsyn"
"W17_HK1073","H9N2_PA_27",9,"C","F","T","F",0.353306200233313,"syn"
"W17_HK1073","H9N2_PB1_1701",567,"A","Q","C","H",0.0342604613113763,"nonsyn"
"W17_HK1073","H9N2_PB1_1882",628,"C","L","A","M",0.197763842937056,"nonsyn"
"W17_HK1073","H9N2_PB2_2028",676,"A","T","T","T",0.0387855819442114,"syn"
"W17_HK1073","H9N2_PB2_2103",701,"C","D","A","E",0.0258084538712463,"nonsyn"
"W17_HK1073","H9N2_PB2_2214",738,"A","K","C","N",0.0149402706239645,"nonsyn"
"Sm18_HK1073","H9N2_HA_701",234,"T","L","A","Q",0.0503634481629963,"nonsyn"
"Sm18_HK1073","H9N2_NA_291",97,"T","P","C","P",0.0124290694009228,"syn"
"Sm18_HK1073","H9N2_NP_326",109,"C","T","T","I",0.201441443532011,"nonsyn"
"Sm18_HK1073","H9N2_NS_183",61,"A","G","G","G",0.0258711584050206,"syn"
"Sm18_HK1073","H9N2_NS_241",81,"A","I","G","V",0.0145820197462811,"nonsyn"
"Sm18_HK1073","H9N2_PA_1478",493,"A","E","C","A",0.0182757388018245,"nonsyn"
"Sm18_HK1073","H9N2_PA_1891",631,"G","G","A","S",0.0220918165822976,"nonsyn"
"Sm18_HK1073","H9N2_PA_27",9,"C","F","T","F",0.379601169827462,"syn"
"Sm18_HK1073","H9N2_PA_585",195,"G","E","A","E",0.0275400462735704,"syn"
"Sm18_HK1073","H9N2_PB1_1378",460,"C","Q","A","K",0.0148466476034594,"nonsyn"
"Sm18_HK1073","H9N2_PB1_1701",567,"A","Q","C","H",0.0289125595409851,"nonsyn"
"Sm18_HK1073","H9N2_PB1_1882",628,"C","L","A","M",0.186202206014576,"nonsyn"
"Sm18_HK1073","H9N2_PB1_888",296,"A","T","G","T",0.0177988003070014,"syn"
"Sm18_HK1073","H9N2_PB1_965",322,"T","I","C","T",0.0164717085568678,"nonsyn"
"Sm18_HK1073","H9N2_PB2_2028",676,"A","T","T","T",0.017052215550282,"syn"
"Sm18_HK1073","H9N2_PB2_2103",701,"C","D","A","E",0.0206220321980916,"nonsyn"
"Sm18_HK1073","H9N2_PB2_2214",738,"A","K","C","N",0.0219206643794302,"nonsyn"
"Sm18_HK1073","H9N2_PB2_393",131,"C","G","T","G",0.014298737535831,"syn"
"Sm18_HK1073","H9N2_PB2_639",213,"C","R","A","R",0.0227093126491336,"syn"
"Sp19_HK1073","H9N2_HA_701",234,"T","L","A","Q",0.0557608443631402,"nonsyn"
"Sp19_HK1073","H9N2_NA_291",97,"T","P","C","P",0.0145172007873832,"syn"
"Sp19_HK1073","H9N2_NP_326",109,"C","T","T","I",0.19929066787476,"nonsyn"
"Sp19_HK1073","H9N2_NS_183",61,"A","G","G","G",0.0257677935445939,"syn"
"Sp19_HK1073","H9N2_NS_241",81,"A","I","G","V",0.0135765047332937,"nonsyn"
"Sp19_HK1073","H9N2_PA_1478",493,"A","E","C","A",0.0242713094659092,"nonsyn"
"Sp19_HK1073","H9N2_PA_1891",631,"G","G","A","S",0.0224775204414642,"nonsyn"
"Sp19_HK1073","H9N2_PA_27",9,"C","F","T","F",0.383753203127306,"syn"
"Sp19_HK1073","H9N2_PA_585",195,"G","E","A","E",0.0271552489570244,"syn"
"Sp19_HK1073","H9N2_PB1_1378",460,"C","Q","A","K",0.0170451738291961,"nonsyn"
"Sp19_HK1073","H9N2_PB1_1701",567,"A","Q","C","H",0.0257051510168002,"nonsyn"
"Sp19_HK1073","H9N2_PB1_1882",628,"C","L","A","M",0.18444004464239,"nonsyn"
"Sp19_HK1073","H9N2_PB1_888",296,"A","T","G","T",0.0175718687437437,"syn"
"Sp19_HK1073","H9N2_PB1_965",322,"T","I","C","T",0.013953694642156,"nonsyn"
"Sp19_HK1073","H9N2_PB2_2028",676,"A","T","T","T",0.0178378432613749,"syn"
"Sp19_HK1073","H9N2_PB2_2103",701,"C","D","A","E",0.0213730388328184,"nonsyn"
"Sp19_HK1073","H9N2_PB2_2214",738,"A","K","C","N",0.0260943650182047,"nonsyn"
"Sp19_HK1073","H9N2_PB2_393",131,"C","G","T","G",0.0126169759550825,"syn"
"Sp19_HK1073","H9N2_PB2_639",213,"C","R","A","R",0.0240902225881835,"syn"
"Sp20_HK1073","H9N2_HA_701",234,"T","L","A","Q",0.0497605782451042,"nonsyn"
"Sp20_HK1073","H9N2_NA_291",97,"T","P","C","P",0.0122588467450472,"syn"
"Sp20_HK1073","H9N2_NP_326",109,"C","T","T","I",0.193133569017708,"nonsyn"
"Sp20_HK1073","H9N2_NS_183",61,"A","G","G","G",0.0243330552711124,"syn"
"Sp20_HK1073","H9N2_NS_241",81,"A","I","G","V",0.0138847940984975,"nonsyn"
"Sp20_HK1073","H9N2_PA_1891",631,"G","G","A","S",0.0209204858428019,"nonsyn"
"Sp20_HK1073","H9N2_PA_27",9,"C","F","T","F",0.404820779109462,"syn"
"Sp20_HK1073","H9N2_PA_585",195,"G","E","A","E",0.0277728084728898,"syn"
"Sp20_HK1073","H9N2_PB1_1378",460,"C","Q","A","K",0.0126111208036141,"nonsyn"
"Sp20_HK1073","H9N2_PB1_1701",567,"A","Q","C","H",0.029402341354126,"nonsyn"
"Sp20_HK1073","H9N2_PB1_1882",628,"C","L","A","M",0.169325122895168,"nonsyn"
"Sp20_HK1073","H9N2_PB1_888",296,"A","T","G","T",0.0152045366865233,"syn"
"Sp20_HK1073","H9N2_PB1_965",322,"T","I","C","T",0.0146189836773674,"nonsyn"
"Sp20_HK1073","H9N2_PB2_2028",676,"A","T","T","T",0.0252821407650582,"syn"
"Sp20_HK1073","H9N2_PB2_2103",701,"C","D","A","E",0.0202973928541873,"nonsyn"
"Sp20_HK1073","H9N2_PB2_2214",738,"A","K","C","N",0.0198353651088887,"nonsyn"
"Sp20_HK1073","H9N2_PB2_393",131,"C","G","T","G",0.0171100317578928,"syn"
"Sp20_HK1073","H9N2_PB2_639",213,"C","R","A","R",0.0219397781959847,"syn"
