Ferret number,Segment,Type,Nucleotide change,Amino acid change,Frequency,Diet,Infection route
2254,PA,synonymous,C_27_T,F_9_F,0.506444815,Lean,Index
1797,PB2,nonsynonymousonymous,C_334_T,P_112_S,0.987985266,Lean,Contact
1409,NP,nonsynonymousonymous,C_326_T,T_109_I,0.861121751,Obese,Contact
1409,PB1,nonsynonymousonymous,C_1882_A,L_628_M,0.915621116,Obese,Contact
1794,HA,nonsynonymousonymous,C_284_A,S_95_Y,0.524785218,Obese,Contact
1980,PB1,nonsynonymousonymous,T_965_C,I_322_T,0.750649217,Obese,Contact
1986,NS,nonsynonymousonymous,C_652_T,Q_218_*,0.830658369,Obese,Contact
1986,PA,synonymous,A_1483_C,R_495_R,0.80123586,Obese,Contact
2231,NS,synonymous,C_267_T,Y_89_Y,0.616097948,Obese,Contact
2231,PA,synonymous,C_27_T,F_9_F,0.669744003,Obese,Contact
2232,HA,synonymous,A_747_G,Q_249_Q,0.562294571,Obese,Contact
2232,PB2,synonymous,C_639_A,R_213_R,0.606833396,Obese,Contact
2232,PB1,nonsynonymousonymous,C_1882_A,L_628_M,0.850445335,Obese,Contact