"ntvar","aavar","sample","cohort","n"
"H9N2_PB1_A2054G","D685G","1912_d04","Sm18",22
"H9N2_PB1_A2054G","D685G","1415_d02","W17",22
"H9N2_PB1_A2054G","D685G","1974_d02","Sm18",22
"H9N2_PB1_A2054G","D685G","1984_d02","Sm18",22
"H9N2_PB1_A2054G","D685G","2254_d06","Sp19",22
"H9N2_PB1_A2054G","D685G","2233_d04","Sp19",22
"H9N2_PB1_A2054G","D685G","1789_d02","F17",22
"H9N2_PB1_A2054G","D685G","2253_d04","Sp19",22
"H9N2_PB1_A2054G","D685G","2251_d04","Sp19",22
"H9N2_PB1_A2054G","D685G","1910_d02","Sm18",22
"H9N2_PB1_A2054G","D685G","1410_d04","W17",22
"H9N2_PB1_A2054G","D685G","1408_d02","W17",22
"H9N2_PB1_A2054G","D685G","1408_d04","W17",22
"H9N2_PB1_A2054G","D685G","1977_d02","Sm18",22
"H9N2_PB1_A2054G","D685G","1410_d02","W17",22
"H9N2_PB1_A2054G","D685G","1912_d02","Sm18",22
"H9N2_PB1_A2054G","D685G","1975_d04","Sm18",22
"H9N2_PB1_A2054G","D685G","1414_d04","W17",22
"H9N2_PB1_A2054G","D685G","1970_d02","Sm18",22
"H9N2_PB1_A2054G","D685G","1801_d02","F17",22
"H9N2_PB1_A2054G","D685G","1415_d08","W17",22
"H9N2_PB1_A2054G","D685G","1789_d04","F17",22
"H9N2_PB1_A2054G","D685G","1801_d04","F17",22
"H9N2_PB1_A2054G","D685G","1973_d06","Sm18",22
"H9N2_PB1_A2054G","D685G","1410_d06","W17",22
"H9N2_PB1_A2054G","D685G","1973_d02","Sm18",22
"H9N2_PB1_A2054G","D685G","1409_d04","W17",22
"H9N2_PB1_A2054G","D685G","1968_d02","Sm18",22
"H9N2_PB1_A2054G","D685G","1416_d02","W17",22
"H9N2_PB1_A2054G","D685G","1977_d06","Sm18",22
"H9N2_PB1_A2054G","D685G","1912_d06","Sm18",22
"H9N2_PB1_A2054G","D685G","1416_d04","W17",22
"H9N2_PB1_A2054G","D685G","1412_d08","W17",22
"H9N2_PB1_A2054G","D685G","2251_d06","Sp19",22
"H9N2_PB1_A2054G","D685G","2254_d04","Sp19",22
"H9N2_HA_G376A","A126T","1415_d08","W17",10
"H9N2_HA_G376A","A126T","1912_d04","Sm18",10
"H9N2_HA_G376A","A126T","1789_d04","F17",10
"H9N2_HA_G376A","A126T","1800_d06","F17",10
"H9N2_HA_G376A","A126T","1975_d04","Sm18",10
"H9N2_HA_G376A","A126T","1416_d02","W17",10
"H9N2_HA_G376A","A126T","2240_d04","Sp19",10
"H9N2_HA_G376A","A126T","1912_d02","Sm18",10
"H9N2_HA_G376A","A126T","1412_d08","W17",10
"H9N2_HA_G376A","A126T","1415_d02","W17",10
"H9N2_HA_G376A","A126T","1912_d06","Sm18",10
"H9N2_HA_G376A","A126T","1973_d02","Sm18",10
"H9N2_HA_G376A","A126T","1974_d02","Sm18",10
"H9N2_HA_G380T","S127I","1416_d02","W17",9
"H9N2_HA_G380T","S127I","1408_d04","W17",9
"H9N2_HA_G380T","S127I","1410_d04","W17",9
"H9N2_HA_G380T","S127I","1409_d04","W17",9
"H9N2_HA_G380T","S127I","1800_d06","F17",9
"H9N2_HA_G380T","S127I","1415_d02","W17",9
"H9N2_HA_G380T","S127I","2254_d06","Sp19",9
"H9N2_HA_G380T","S127I","1414_d04","W17",9
"H9N2_HA_G380T","S127I","1410_d02","W17",9
"H9N2_HA_G380T","S127I","1970_d02","Sm18",9
"H9N2_HA_A172C","M58L","2254_d02","Sp19",8
"H9N2_HA_A172C","M58L","1977_d02","Sm18",8
"H9N2_HA_A172C","M58L","1975_d04","Sm18",8
"H9N2_HA_A172C","M58L","1912_d02","Sm18",8
"H9N2_HA_A172C","M58L","1973_d02","Sm18",8
"H9N2_HA_A172C","M58L","1970_d02","Sm18",8
"H9N2_HA_A172C","M58L","2254_d04","Sp19",8
"H9N2_HA_A172C","M58L","1984_d04","Sm18",8
"H9N2_HA_A172C","M58L","1974_d02","Sm18",8
"H9N2_HA_G592A","E198K","1415_d02","W17",8
"H9N2_HA_G592A","E198K","2239_d10","Sp19",8
"H9N2_HA_G592A","E198K","1912_d04","Sm18",8
"H9N2_HA_G592A","E198K","1416_d04","W17",8
"H9N2_HA_G592A","E198K","1410_d02","W17",8
"H9N2_HA_G592A","E198K","2254_d08","Sp19",8
"H9N2_HA_G592A","E198K","1789_d04","F17",8
"H9N2_HA_G592A","E198K","1912_d06","Sm18",8
"H9N2_HA_G592A","E198K","2254_d06","Sp19",8
"H9N2_HA_G592A","E198K","1410_d04","W17",8
"H9N2_HA_G592A","E198K","1800_d06","F17",8
"H9N2_HA_T191A","L64Q","1415_d02","W17",7
"H9N2_HA_T191A","L64Q","1409_d04","W17",7
"H9N2_HA_T191A","L64Q","1912_d06","Sm18",7
"H9N2_HA_T191A","L64Q","1410_d02","W17",7
"H9N2_HA_T191A","L64Q","1408_d04","W17",7
"H9N2_HA_T191A","L64Q","1912_d02","Sm18",7
"H9N2_HA_T191A","L64Q","1414_d04","W17",7
"H9N2_HA_T191A","L64Q","1416_d02","W17",7
"H9N2_PB2_A889G","I297V","2240_d04","Sp19",6
"H9N2_PB2_A889G","I297V","1975_d04","Sm18",6
"H9N2_PB2_A889G","I297V","2253_d04","Sp19",6
"H9N2_PB2_A889G","I297V","1984_d02","Sm18",6
"H9N2_PB2_A889G","I297V","1984_d04","Sm18",6
"H9N2_PB2_A889G","I297V","1912_d02","Sm18",6
"H9N2_PB2_A889G","I297V","2254_d02","Sp19",6
"H9N2_PB2_A889G","I297V","2254_d04","Sp19",6
"H9N2_PB2_A889G","I297V","1912_d04","Sm18",6
"H9N2_HA_C383T","S128F","1416_d02","W17",5
"H9N2_HA_C383T","S128F","1410_d02","W17",5
"H9N2_HA_C383T","S128F","2251_d06","Sp19",5
"H9N2_HA_C383T","S128F","1416_d04","W17",5
"H9N2_HA_C383T","S128F","1415_d02","W17",5
"H9N2_HA_C383T","S128F","1975_d04","Sm18",5
"H9N2_HA_C383T","S128F","2251_d04","Sp19",5
"H9N2_PB2_A2149G","T717A","1794_d02","F17",5
"H9N2_PB2_A2149G","T717A","1913_d06","Sm18",5
"H9N2_PB2_A2149G","T717A","1797_d02","F17",5
"H9N2_PB2_A2149G","T717A","1794_d04","F17",5
"H9N2_PB2_A2149G","T717A","1977_d06","Sm18",5
"H9N2_PB2_A2149G","T717A","1980_d02","Sm18",5
"H9N2_PB2_A2163C","K721N","1794_d04","F17",5
"H9N2_PB2_A2163C","K721N","1794_d02","F17",5
"H9N2_PB2_A2163C","K721N","1977_d06","Sm18",5
"H9N2_PB2_A2163C","K721N","1797_d02","F17",5
"H9N2_PB2_A2163C","K721N","1980_d02","Sm18",5
"H9N2_PB2_A2163C","K721N","1913_d06","Sm18",5
"H9N2_PB2_A2208C","K736N","1980_d04","Sm18",5
"H9N2_PB2_A2208C","K736N","1913_d08","Sm18",5
"H9N2_PB2_A2208C","K736N","1914_d06","Sm18",5
"H9N2_PB2_A2208C","K736N","1981_d10","Sm18",5
"H9N2_PB2_A2208C","K736N","1794_d08","F17",5
"H9N2_HA_G1291A","A431T","1977_d02","Sm18",4
"H9N2_HA_G1291A","A431T","1968_d02","Sm18",4
"H9N2_HA_G1291A","A431T","1984_d04","Sm18",4
"H9N2_HA_G1291A","A431T","1984_d02","Sm18",4
"H9N2_HA_G1291A","A431T","1975_d04","Sm18",4
"H9N2_HA_G820A","G274R","1789_d02","F17",4
"H9N2_HA_G820A","G274R","1789_d04","F17",4
"H9N2_HA_G820A","G274R","1408_d04","W17",4
"H9N2_HA_G820A","G274R","1410_d02","W17",4
"H9N2_HA_G820A","G274R","1409_d04","W17",4
"H9N2_HA_G820A","G274R","1410_d04","W17",4
"H9N2_PA_G1891A","G631S","1408_d02","W17",4
"H9N2_PA_G1891A","G631S","1416_d02","W17",4
"H9N2_PA_G1891A","G631S","1410_d04","W17",4
"H9N2_PA_G1891A","G631S","1415_d02","W17",4
"H9N2_PA_G1891A","G631S","1408_d04","W17",4
"H9N2_PA_G1891A","G631S","1410_d02","W17",4
"H9N2_PA_G1891A","G631S","1416_d04","W17",4
"H9N2_PA_G1891A","G631S","1415_d08","W17",4
"H9N2_PB1_G522A","M174I","1974_d02","Sm18",4
"H9N2_PB1_G522A","M174I","2254_d02","Sp19",4
"H9N2_PB1_G522A","M174I","1912_d02","Sm18",4
"H9N2_PB1_G522A","M174I","2240_d04","Sp19",4
"H9N2_PB2_A349C","T117P","1414_d06","W17",4
"H9N2_PB2_A349C","T117P","1801_d04","F17",4
"H9N2_PB2_A349C","T117P","1984_d04","Sm18",4
"H9N2_PB2_A349C","T117P","1409_d08","W17",4
"H9N2_HA_A589G","T197A","1912_d04","Sm18",3
"H9N2_HA_A589G","T197A","1975_d06","Sm18",3
"H9N2_HA_A589G","T197A","1986_d10","Sm18",3
"H9N2_HA_A814G","S272G","1984_d04","Sm18",3
"H9N2_HA_A814G","S272G","1800_d06","F17",3
"H9N2_HA_A814G","S272G","1800_d04","F17",3
"H9N2_HA_A814G","S272G","1415_d02","W17",3
"H9N2_HA_G1514A","R505K","2251_d04","Sp19",3
"H9N2_HA_G1514A","R505K","1408_d04","W17",3
"H9N2_HA_G1514A","R505K","1409_d04","W17",3
"H9N2_HA_G1606A","V536M","1410_d02","W17",3
"H9N2_HA_G1606A","V536M","1409_d04","W17",3
"H9N2_HA_G1606A","V536M","1408_d04","W17",3
"H9N2_NA_G326A","G109D","1410_d02","W17",3
"H9N2_NA_G326A","G109D","1408_d04","W17",3
"H9N2_NA_G326A","G109D","1409_d04","W17",3
"H9N2_PA_G1147A","D383N","1408_d04","W17",3
"H9N2_PA_G1147A","D383N","1410_d02","W17",3
"H9N2_PA_G1147A","D383N","1409_d04","W17",3
"H9N2_PB1_C757T","H253Y","2254_d02","Sp19",3
"H9N2_PB1_C757T","H253Y","1974_d02","Sm18",3
"H9N2_PB1_C757T","H253Y","2240_d04","Sp19",3
"H9N2_PB1_G377A","R126H","1914_d06","Sm18",3
"H9N2_PB1_G377A","R126H","1975_d04","Sm18",3
"H9N2_PB1_G377A","R126H","2254_d06","Sp19",3
"H9N2_PB1_T965C","I322T","1412_d08","W17",3
"H9N2_PB1_T965C","I322T","1408_d02","W17",3
"H9N2_PB1_T965C","I322T","1415_d02","W17",3
"H9N2_PB1_T965C","I322T","1415_d08","W17",3
"H9N2_HA_C73T","H25Y","2254_d06","Sp19",2
"H9N2_HA_C73T","H25Y","1912_d06","Sm18",2
"H9N2_HA_G272A","G91E","1789_d02","F17",2
"H9N2_HA_G272A","G91E","1800_d06","F17",2
"H9N2_HA_G979A","V327I","1410_d02","W17",2
"H9N2_HA_G979A","V327I","1415_d02","W17",2
"H9N2_HA_G979A","V327I","1410_d04","W17",2
"H9N2_HA_T138G","H46Q","1415_d02","W17",2
"H9N2_HA_T138G","H46Q","1410_d04","W17",2
"H9N2_HA_T138G","H46Q","1410_d02","W17",2
"H9N2_NA_C92T","T31M","1984_d04","Sm18",2
"H9N2_NA_C92T","T31M","2243_d06","Sp19",2
"H9N2_NA_C92T","T31M","2243_d08","Sp19",2
"H9N2_NA_G331T","D111Y","1975_d06","Sm18",2
"H9N2_NA_G331T","D111Y","2240_d04","Sp19",2
"H9N2_PA_G175A","E59K","2251_d04","Sp19",2
"H9N2_PA_G175A","E59K","2240_d04","Sp19",2
"H9N2_PB1_A2029C","T677P","1981_d10","Sm18",2
"H9N2_PB1_A2029C","T677P","1797_d08","F17",2
"H9N2_PB1_A2029C","T677P","1797_d06","F17",2
"H9N2_PB2_A268C","M90L","2232_d08","Sp19",2
"H9N2_PB2_A268C","M90L","2243_d06","Sp19",2
"H9N2_PB2_G457A","D153N","1410_d02","W17",2
"H9N2_PB2_G457A","D153N","1408_d04","W17",2
