"","ntvar","aavar","diet","inf_route","transmission"
"1","H9N2_PB2_A1351T","I451F","Obese","Index","2"
"2","H9N2_PB2_A1351T","I451F","Obese","Contact","2"
"3","H9N2_NA_G452A","S151N","Obese","Index","1"
"4","H9N2_NA_G452A","S151N","Obese","Index","1"
"5","H9N2_NS_A719G","N240S","Obese","Index","2"
"6","H9N2_NS_A719G","N240S","Obese","Contact","2"
"7","H9N2_NA_G72A","M24I","Obese","Index","2"
"8","H9N2_NA_G72A","M24I","Obese","Contact","2"
"9","H9N2_HA_A658G","T220A","Obese","Index","1"
"10","H9N2_HA_A658G","T220A","Obese","Index","1"
"11","H9N2_HA_C383A","S128Y","Obese","Index","1"
"12","H9N2_HA_C383A","S128Y","Obese","Contact","1"
"13","H9N2_PB1_T905C","V302A","Obese","Contact","1"
"14","H9N2_PB1_T905C","V302A","Obese","Index","1"
"15","H9N2_NP_T911C","F304S","Obese","Contact","1"
"16","H9N2_NP_T911C","F304S","Obese","Index","1"
"17","H9N2_PB2_A482G","D161G","Obese","Contact","1"
"18","H9N2_PB2_A482G","D161G","Obese","Index","1"
"19","H9N2_HA_G808A","G270R","Lean","Contact","2"
"20","H9N2_HA_G808A","G270R","Lean","Index","2"
"21","H9N2_HA_C802T","L268F","Lean","Contact","1"
"22","H9N2_HA_C802T","L268F","Lean","Index","1"
"23","H9N2_PB2_C1928G","S643*","Obese","Index","1"
"24","H9N2_PB2_C1928G","S643*","Obese","Index","1"
"25","H9N2_NS_G294A","M98I","Lean","Index","1"
"26","H9N2_PB1_G738A","M246I","Lean","Index","1"
"27","H9N2_PB1_G738A","M246I","Lean","Index","1"
"28","H9N2_PB1_T1604C","I535T","Lean","Index","1"
"29","H9N2_PB1_T1604C","I535T","Lean","Index","1"
"30","H9N2_HA_C1118T","A373V","Lean","Index","2"
"31","H9N2_HA_C1118T","A373V","Lean","Index","2"
"32","H9N2_HA_C1118T","A373V","Lean","Index","1"
"33","H9N2_PA_C1873T","P625S","Obese","Contact","1"
"34","H9N2_PA_C1873T","P625S","Obese","Index","1"
"35","H9N2_PA_C1782A","S594R","Obese","Contact","2"
"36","H9N2_PA_C1782A","S594R","Obese","Index","2"
"37","H9N2_HA_A1531T","I511L","Lean","Index","1"
"38","H9N2_HA_A1531T","I511L","Lean","Index","1"
