"ferret_id","cohort","dpi","name.x","rep.x","name.y","rep.y","DPI","sample","inf_route","diet","titer","log10_titer","HAI_21dpi","Ct_Mgene","resequenced","pair_numbers","pair_diets"
"1408","W17","d02","New_W17_1408_d02_rep1","rep1","New_W17_1408_d02_rep2","rep2","d02","1408_d02","Index","Obese","NA","NA","NA","21.68","yes","1408-1409","OB>OB"
"1408","W17","d02","New_W17_1408_d02_rep1","rep1","New_W17_1408_d02_rep2","rep2","d06","1408_d06","Index","Obese","NA","NA","NA","25.22","yes","1408-1409","OB>OB"
"1408","W17","d02","New_W17_1408_d02_rep1","rep1","New_W17_1408_d02_rep2","rep2","d12","1408_d12","Index","Obese","NA","NA","NA","35.58","yes","1408-1409","OB>OB"
"1408","W17","d02","New_W17_1408_d02_rep1","rep1","New_W17_1408_d02_rep2","rep2","d04","1408_d04","Index","Obese","NA","NA","NA","24.49","yes","1408-1409","OB>OB"
"1408","W17","d04","New_W17_1408_d04_rep1","rep1","New_W17_1408_d04_rep2","rep2","d02","1408_d02","Index","Obese","NA","NA","NA","21.68","yes","1408-1409","OB>OB"
"1408","W17","d04","New_W17_1408_d04_rep1","rep1","New_W17_1408_d04_rep2","rep2","d06","1408_d06","Index","Obese","NA","NA","NA","25.22","yes","1408-1409","OB>OB"
"1408","W17","d04","New_W17_1408_d04_rep1","rep1","New_W17_1408_d04_rep2","rep2","d12","1408_d12","Index","Obese","NA","NA","NA","35.58","yes","1408-1409","OB>OB"
"1408","W17","d04","New_W17_1408_d04_rep1","rep1","New_W17_1408_d04_rep2","rep2","d04","1408_d04","Index","Obese","NA","NA","NA","24.49","yes","1408-1409","OB>OB"
"1408","W17","d06","New_W17_1408_d06_rep1","rep1","New_W17_1408_d06_rep2","rep2","d02","1408_d02","Index","Obese","NA","NA","NA","21.68","yes","1408-1409","OB>OB"
"1408","W17","d06","New_W17_1408_d06_rep1","rep1","New_W17_1408_d06_rep2","rep2","d06","1408_d06","Index","Obese","NA","NA","NA","25.22","yes","1408-1409","OB>OB"
"1408","W17","d06","New_W17_1408_d06_rep1","rep1","New_W17_1408_d06_rep2","rep2","d12","1408_d12","Index","Obese","NA","NA","NA","35.58","yes","1408-1409","OB>OB"
"1408","W17","d06","New_W17_1408_d06_rep1","rep1","New_W17_1408_d06_rep2","rep2","d04","1408_d04","Index","Obese","NA","NA","NA","24.49","yes","1408-1409","OB>OB"
"1409","W17","d04","New_W17_1409_d04_rep1","rep1","New_W17_1409_d04_rep2","rep2","d06","1409_d06","Contact","Obese","NA","NA","NA","28.59","yes","1408-1409","OB>OB"
"1409","W17","d04","New_W17_1409_d04_rep1","rep1","New_W17_1409_d04_rep2","rep2","d04","1409_d04","Contact","Obese","NA","NA","NA","28.65","yes","1408-1409","OB>OB"
"1409","W17","d04","New_W17_1409_d04_rep1","rep1","New_W17_1409_d04_rep2","rep2","d08","1409_d08","Contact","Obese","NA","NA","NA","25.14","yes","1408-1409","OB>OB"
"1409","W17","d04","New_W17_1409_d04_rep1","rep1","New_W17_1409_d04_rep2","rep2","d02","1409_d02","Contact","Obese","NA","NA","NA","26.73","yes","1408-1409","OB>OB"
"1409","W17","d04","New_W17_1409_d04_rep1","rep1","New_W17_1409_d04_rep2","rep2","d12","1409_d12","Contact","Obese","NA","NA","NA","ND","yes","1408-1409","OB>OB"
"1409","W17","d06","New_W17_1409_d06_rep1","rep1","New_W17_1409_d06_rep2","rep2","d06","1409_d06","Contact","Obese","NA","NA","NA","28.59","yes","1408-1409","OB>OB"
"1409","W17","d06","New_W17_1409_d06_rep1","rep1","New_W17_1409_d06_rep2","rep2","d04","1409_d04","Contact","Obese","NA","NA","NA","28.65","yes","1408-1409","OB>OB"
"1409","W17","d06","New_W17_1409_d06_rep1","rep1","New_W17_1409_d06_rep2","rep2","d08","1409_d08","Contact","Obese","NA","NA","NA","25.14","yes","1408-1409","OB>OB"
"1409","W17","d06","New_W17_1409_d06_rep1","rep1","New_W17_1409_d06_rep2","rep2","d02","1409_d02","Contact","Obese","NA","NA","NA","26.73","yes","1408-1409","OB>OB"
"1409","W17","d06","New_W17_1409_d06_rep1","rep1","New_W17_1409_d06_rep2","rep2","d12","1409_d12","Contact","Obese","NA","NA","NA","ND","yes","1408-1409","OB>OB"
"1409","W17","d08","New_W17_1409_d08_rep1","rep1","New_W17_1409_d08_rep2","rep2","d06","1409_d06","Contact","Obese","NA","NA","NA","28.59","yes","1408-1409","OB>OB"
"1409","W17","d08","New_W17_1409_d08_rep1","rep1","New_W17_1409_d08_rep2","rep2","d04","1409_d04","Contact","Obese","NA","NA","NA","28.65","yes","1408-1409","OB>OB"
"1409","W17","d08","New_W17_1409_d08_rep1","rep1","New_W17_1409_d08_rep2","rep2","d08","1409_d08","Contact","Obese","NA","NA","NA","25.14","yes","1408-1409","OB>OB"
"1409","W17","d08","New_W17_1409_d08_rep1","rep1","New_W17_1409_d08_rep2","rep2","d02","1409_d02","Contact","Obese","NA","NA","NA","26.73","yes","1408-1409","OB>OB"
"1409","W17","d08","New_W17_1409_d08_rep1","rep1","New_W17_1409_d08_rep2","rep2","d12","1409_d12","Contact","Obese","NA","NA","NA","ND","yes","1408-1409","OB>OB"
"1410","W17","d02","New_W17_1410_d02_rep1","rep1","New_W17_1410_d02_rep2","rep2","d06","1410_d06","Contact","Lean","NA","NA","NA","32.4","yes","1416-1410","LN>LN"
"1410","W17","d02","New_W17_1410_d02_rep1","rep1","New_W17_1410_d02_rep2","rep2","d08","1410_d08","Contact","Lean","NA","NA","NA","39.79","yes","1416-1410","LN>LN"
"1410","W17","d02","New_W17_1410_d02_rep1","rep1","New_W17_1410_d02_rep2","rep2","d02","1410_d02","Contact","Lean","NA","NA","NA","28.68","yes","1416-1410","LN>LN"
"1410","W17","d02","New_W17_1410_d02_rep1","rep1","New_W17_1410_d02_rep2","rep2","d04","1410_d04","Contact","Lean","NA","NA","NA","28.53","yes","1416-1410","LN>LN"
"1410","W17","d04","New_W17_1410_d04_rep1","rep1","New_W17_1410_d04_rep2","rep2","d06","1410_d06","Contact","Lean","NA","NA","NA","32.4","yes","1416-1410","LN>LN"
"1410","W17","d04","New_W17_1410_d04_rep1","rep1","New_W17_1410_d04_rep2","rep2","d08","1410_d08","Contact","Lean","NA","NA","NA","39.79","yes","1416-1410","LN>LN"
"1410","W17","d04","New_W17_1410_d04_rep1","rep1","New_W17_1410_d04_rep2","rep2","d02","1410_d02","Contact","Lean","NA","NA","NA","28.68","yes","1416-1410","LN>LN"
"1410","W17","d04","New_W17_1410_d04_rep1","rep1","New_W17_1410_d04_rep2","rep2","d04","1410_d04","Contact","Lean","NA","NA","NA","28.53","yes","1416-1410","LN>LN"
"1410","W17","d06","New_W17_1410_d06_rep1","rep1","New_W17_1410_d06_rep2","rep2","d06","1410_d06","Contact","Lean","NA","NA","NA","32.4","yes","1416-1410","LN>LN"
"1410","W17","d06","New_W17_1410_d06_rep1","rep1","New_W17_1410_d06_rep2","rep2","d08","1410_d08","Contact","Lean","NA","NA","NA","39.79","yes","1416-1410","LN>LN"
"1410","W17","d06","New_W17_1410_d06_rep1","rep1","New_W17_1410_d06_rep2","rep2","d02","1410_d02","Contact","Lean","NA","NA","NA","28.68","yes","1416-1410","LN>LN"
"1410","W17","d06","New_W17_1410_d06_rep1","rep1","New_W17_1410_d06_rep2","rep2","d04","1410_d04","Contact","Lean","NA","NA","NA","28.53","yes","1416-1410","LN>LN"
"1412","W17","d08","New_W17_1412_d08_rep1","rep1","New_W17_1412_d08_rep2","rep2","d06","1412_d06","Index","Lean","NA","NA","NA","ND","yes","1412-1413","LN>LN"
"1412","W17","d08","New_W17_1412_d08_rep1","rep1","New_W17_1412_d08_rep2","rep2","d08","1412_d08","Index","Lean","NA","NA","NA","26.4","yes","1412-1413","LN>LN"
"1414","W17","d04","New_W17_1414_d04_rep1","rep1","New_W17_1414_d04_rep2","rep2","d02","1414_d02","Index","Obese","NA","NA","NA","ND","yes","1414-1415","OB>OB"
"1414","W17","d04","New_W17_1414_d04_rep1","rep1","New_W17_1414_d04_rep2","rep2","d04","1414_d04","Index","Obese","NA","NA","NA","31.38","yes","1414-1415","OB>OB"
"1414","W17","d04","New_W17_1414_d04_rep1","rep1","New_W17_1414_d04_rep2","rep2","d08","1414_d08","Index","Obese","NA","NA","NA","39.51","yes","1414-1415","OB>OB"
"1414","W17","d04","New_W17_1414_d04_rep1","rep1","New_W17_1414_d04_rep2","rep2","d06","1414_d06","Index","Obese","NA","NA","NA","31.19","yes","1414-1415","OB>OB"
"1414","W17","d06","New_W17_1414_d06_rep1","rep1","New_W17_1414_d06_rep2","rep2","d02","1414_d02","Index","Obese","NA","NA","NA","ND","yes","1414-1415","OB>OB"
"1414","W17","d06","New_W17_1414_d06_rep1","rep1","New_W17_1414_d06_rep2","rep2","d04","1414_d04","Index","Obese","NA","NA","NA","31.38","yes","1414-1415","OB>OB"
"1414","W17","d06","New_W17_1414_d06_rep1","rep1","New_W17_1414_d06_rep2","rep2","d08","1414_d08","Index","Obese","NA","NA","NA","39.51","yes","1414-1415","OB>OB"
"1414","W17","d06","New_W17_1414_d06_rep1","rep1","New_W17_1414_d06_rep2","rep2","d06","1414_d06","Index","Obese","NA","NA","NA","31.19","yes","1414-1415","OB>OB"
"1415","W17","d02","New_W17_1415_d02_rep1","rep1","New_W17_1415_d02_rep2","rep2","d08","1415_d08","Contact","Obese","NA","NA","NA","23.11","yes","1414-1415","OB>OB"
"1415","W17","d02","New_W17_1415_d02_rep1","rep1","New_W17_1415_d02_rep2","rep2","d02","1415_d02","Contact","Obese","NA","NA","NA","27.33","yes","1414-1415","OB>OB"
"1415","W17","d02","New_W17_1415_d02_rep1","rep1","New_W17_1415_d02_rep2","rep2","d06","1415_d06","Contact","Obese","NA","NA","NA","34.02","yes","1414-1415","OB>OB"
"1415","W17","d08","New_W17_1415_d08_rep1","rep1","New_W17_1415_d08_rep2","rep2","d08","1415_d08","Contact","Obese","NA","NA","NA","23.11","yes","1414-1415","OB>OB"
"1415","W17","d08","New_W17_1415_d08_rep1","rep1","New_W17_1415_d08_rep2","rep2","d02","1415_d02","Contact","Obese","NA","NA","NA","27.33","yes","1414-1415","OB>OB"
"1415","W17","d08","New_W17_1415_d08_rep1","rep1","New_W17_1415_d08_rep2","rep2","d06","1415_d06","Contact","Obese","NA","NA","NA","34.02","yes","1414-1415","OB>OB"
"1416","W17","d02","New_W17_1416_d02_rep1","rep1","New_W17_1416_d02_rep2","rep2","d06","1416_d06","Index","Lean","NA","NA","NA","31.88","yes","1416-1410","LN>LN"
"1416","W17","d02","New_W17_1416_d02_rep1","rep1","New_W17_1416_d02_rep2","rep2","d02","1416_d02","Index","Lean","NA","NA","NA","25.44","yes","1416-1410","LN>LN"
"1416","W17","d02","New_W17_1416_d02_rep1","rep1","New_W17_1416_d02_rep2","rep2","d04","1416_d04","Index","Lean","NA","NA","NA","27.34","yes","1416-1410","LN>LN"
"1416","W17","d02","New_W17_1416_d02_rep1","rep1","New_W17_1416_d02_rep2","rep2","d08","1416_d08","Index","Lean","NA","NA","NA","39.01","yes","1416-1410","LN>LN"
"1416","W17","d04","New_W17_1416_d04_rep1","rep1","New_W17_1416_d04_rep2","rep2","d06","1416_d06","Index","Lean","NA","NA","NA","31.88","yes","1416-1410","LN>LN"
"1416","W17","d04","New_W17_1416_d04_rep1","rep1","New_W17_1416_d04_rep2","rep2","d02","1416_d02","Index","Lean","NA","NA","NA","25.44","yes","1416-1410","LN>LN"
"1416","W17","d04","New_W17_1416_d04_rep1","rep1","New_W17_1416_d04_rep2","rep2","d04","1416_d04","Index","Lean","NA","NA","NA","27.34","yes","1416-1410","LN>LN"
"1416","W17","d04","New_W17_1416_d04_rep1","rep1","New_W17_1416_d04_rep2","rep2","d08","1416_d08","Index","Lean","NA","NA","NA","39.01","yes","1416-1410","LN>LN"
"1787","F17",NA,NA,NA,NA,NA,"d10","1787_d10","Index","Obese","0","0","320","ND","yes","1787-1793","OB>OB"
"1787","F17",NA,NA,NA,NA,NA,"d12","1787_d12","Index","Obese","0","0","320","ND","yes","1787-1793","OB>OB"
"1787","F17",NA,NA,NA,NA,NA,"d02","1787_d02","Index","Obese","5.62E+04","4.749736316","320","23.56","yes","1787-1793","OB>OB"
"1787","F17",NA,NA,NA,NA,NA,"d08","1787_d08","Index","Obese","0","0","320","33.14","yes","1787-1793","OB>OB"
"1789","F17","d04","New_F17_1789_d04_rep1","rep1","New_F17_1789_d04_rep2","rep2","d10","1789_d10","Index","Obese","0","0","320","40.42","yes","1789-1794","OB>OB"
"1789","F17","d04","New_F17_1789_d04_rep1","rep1","New_F17_1789_d04_rep2","rep2","d04","1789_d04","Index","Obese","5.62E+03","3.749736316","320","27.76","yes","1789-1794","OB>OB"
"1789","F17","d04","New_F17_1789_d04_rep1","rep1","New_F17_1789_d04_rep2","rep2","d02","1789_d02","Index","Obese","1.78E+04","4.250420002","320","23.21","yes","1789-1794","OB>OB"
"1789","F17","d04","New_F17_1789_d04_rep1","rep1","New_F17_1789_d04_rep2","rep2","d12","1789_d12","Index","Obese","0","0","320","40.04","yes","1789-1794","OB>OB"
"1789","F17","d02","New_F17_1789_d02_rep1","rep1","New_F17_1789_d02_rep2","rep2","d10","1789_d10","Index","Obese","0","0","320","40.42","yes","1789-1794","OB>OB"
"1789","F17","d02","New_F17_1789_d02_rep1","rep1","New_F17_1789_d02_rep2","rep2","d04","1789_d04","Index","Obese","5.62E+03","3.749736316","320","27.76","yes","1789-1794","OB>OB"
"1789","F17","d02","New_F17_1789_d02_rep1","rep1","New_F17_1789_d02_rep2","rep2","d02","1789_d02","Index","Obese","1.78E+04","4.250420002","320","23.21","yes","1789-1794","OB>OB"
"1789","F17","d02","New_F17_1789_d02_rep1","rep1","New_F17_1789_d02_rep2","rep2","d12","1789_d12","Index","Obese","0","0","320","40.04","yes","1789-1794","OB>OB"
"1794","F17","d02","New_F17_1794_d02_rep1","rep1","New_F17_1794_d02_rep2","rep2","d12","1794_d12","Contact","Obese","0","0","160","ND","yes","1789-1794","OB>OB"
"1794","F17","d02","New_F17_1794_d02_rep1","rep1","New_F17_1794_d02_rep2","rep2","d08","1794_d08","Contact","Obese","1.78E+05","5.250420002","160","23.26","yes","1789-1794","OB>OB"
"1794","F17","d02","New_F17_1794_d02_rep1","rep1","New_F17_1794_d02_rep2","rep2","d10","1794_d10","Contact","Obese","0","0","160","34.27","yes","1789-1794","OB>OB"
"1794","F17","d02","New_F17_1794_d02_rep1","rep1","New_F17_1794_d02_rep2","rep2","d02","1794_d02","Contact","Obese","0","0","160","36.32","yes","1789-1794","OB>OB"
"1794","F17","d02","New_F17_1794_d02_rep1","rep1","New_F17_1794_d02_rep2","rep2","d06","1794_d06","Contact","Obese","1.78E+04","4.250420002","160","24.1","yes","1789-1794","OB>OB"
"1794","F17","d02","New_F17_1794_d02_rep1","rep1","New_F17_1794_d02_rep2","rep2","d04","1794_d04","Contact","Obese","0","0","160","38.76","yes","1789-1794","OB>OB"
"1794","F17","d04","New_F17_1794_d04_rep1","rep1","New_F17_1794_d04_rep2","rep2","d12","1794_d12","Contact","Obese","0","0","160","ND","yes","1789-1794","OB>OB"
"1794","F17","d04","New_F17_1794_d04_rep1","rep1","New_F17_1794_d04_rep2","rep2","d08","1794_d08","Contact","Obese","1.78E+05","5.250420002","160","23.26","yes","1789-1794","OB>OB"
"1794","F17","d04","New_F17_1794_d04_rep1","rep1","New_F17_1794_d04_rep2","rep2","d10","1794_d10","Contact","Obese","0","0","160","34.27","yes","1789-1794","OB>OB"
"1794","F17","d04","New_F17_1794_d04_rep1","rep1","New_F17_1794_d04_rep2","rep2","d02","1794_d02","Contact","Obese","0","0","160","36.32","yes","1789-1794","OB>OB"
"1794","F17","d04","New_F17_1794_d04_rep1","rep1","New_F17_1794_d04_rep2","rep2","d06","1794_d06","Contact","Obese","1.78E+04","4.250420002","160","24.1","yes","1789-1794","OB>OB"
"1794","F17","d04","New_F17_1794_d04_rep1","rep1","New_F17_1794_d04_rep2","rep2","d04","1794_d04","Contact","Obese","0","0","160","38.76","yes","1789-1794","OB>OB"
"1794","F17","d08","New_F17_1794_d08_rep1","rep1","New_F17_1794_d08_rep2","rep2","d12","1794_d12","Contact","Obese","0","0","160","ND","yes","1789-1794","OB>OB"
"1794","F17","d08","New_F17_1794_d08_rep1","rep1","New_F17_1794_d08_rep2","rep2","d08","1794_d08","Contact","Obese","1.78E+05","5.250420002","160","23.26","yes","1789-1794","OB>OB"
"1794","F17","d08","New_F17_1794_d08_rep1","rep1","New_F17_1794_d08_rep2","rep2","d10","1794_d10","Contact","Obese","0","0","160","34.27","yes","1789-1794","OB>OB"
"1794","F17","d08","New_F17_1794_d08_rep1","rep1","New_F17_1794_d08_rep2","rep2","d02","1794_d02","Contact","Obese","0","0","160","36.32","yes","1789-1794","OB>OB"
"1794","F17","d08","New_F17_1794_d08_rep1","rep1","New_F17_1794_d08_rep2","rep2","d06","1794_d06","Contact","Obese","1.78E+04","4.250420002","160","24.1","yes","1789-1794","OB>OB"
"1794","F17","d08","New_F17_1794_d08_rep1","rep1","New_F17_1794_d08_rep2","rep2","d04","1794_d04","Contact","Obese","0","0","160","38.76","yes","1789-1794","OB>OB"
"1794","F17","d10","New_F17_1794_d10_rep1","rep1","New_F17_1794_d10_rep2","rep2","d12","1794_d12","Contact","Obese","0","0","160","ND","yes","1789-1794","OB>OB"
"1794","F17","d10","New_F17_1794_d10_rep1","rep1","New_F17_1794_d10_rep2","rep2","d08","1794_d08","Contact","Obese","1.78E+05","5.250420002","160","23.26","yes","1789-1794","OB>OB"
"1794","F17","d10","New_F17_1794_d10_rep1","rep1","New_F17_1794_d10_rep2","rep2","d10","1794_d10","Contact","Obese","0","0","160","34.27","yes","1789-1794","OB>OB"
"1794","F17","d10","New_F17_1794_d10_rep1","rep1","New_F17_1794_d10_rep2","rep2","d02","1794_d02","Contact","Obese","0","0","160","36.32","yes","1789-1794","OB>OB"
"1794","F17","d10","New_F17_1794_d10_rep1","rep1","New_F17_1794_d10_rep2","rep2","d06","1794_d06","Contact","Obese","1.78E+04","4.250420002","160","24.1","yes","1789-1794","OB>OB"
"1794","F17","d10","New_F17_1794_d10_rep1","rep1","New_F17_1794_d10_rep2","rep2","d04","1794_d04","Contact","Obese","0","0","160","38.76","yes","1789-1794","OB>OB"
"1794","F17","d06","New_F17_1794_d06_rep1","rep1","New_F17_1794_d06_rep2","rep2","d12","1794_d12","Contact","Obese","0","0","160","ND","yes","1789-1794","OB>OB"
"1794","F17","d06","New_F17_1794_d06_rep1","rep1","New_F17_1794_d06_rep2","rep2","d08","1794_d08","Contact","Obese","1.78E+05","5.250420002","160","23.26","yes","1789-1794","OB>OB"
"1794","F17","d06","New_F17_1794_d06_rep1","rep1","New_F17_1794_d06_rep2","rep2","d10","1794_d10","Contact","Obese","0","0","160","34.27","yes","1789-1794","OB>OB"
"1794","F17","d06","New_F17_1794_d06_rep1","rep1","New_F17_1794_d06_rep2","rep2","d02","1794_d02","Contact","Obese","0","0","160","36.32","yes","1789-1794","OB>OB"
"1794","F17","d06","New_F17_1794_d06_rep1","rep1","New_F17_1794_d06_rep2","rep2","d06","1794_d06","Contact","Obese","1.78E+04","4.250420002","160","24.1","yes","1789-1794","OB>OB"
"1794","F17","d06","New_F17_1794_d06_rep1","rep1","New_F17_1794_d06_rep2","rep2","d04","1794_d04","Contact","Obese","0","0","160","38.76","yes","1789-1794","OB>OB"
"1797","F17","d02","New_F17_1797_d02_rep1","rep1","New_F17_1797_d02_rep2","rep2","d06","1797_d06","Contact","Lean","3.16E+05","5.499687083","320","22.55","yes","1801-1797","LN>LN"
"1797","F17","d02","New_F17_1797_d02_rep1","rep1","New_F17_1797_d02_rep2","rep2","d04","1797_d04","Contact","Lean","0","0","320","31.46","yes","1801-1797","LN>LN"
"1797","F17","d02","New_F17_1797_d02_rep1","rep1","New_F17_1797_d02_rep2","rep2","d02","1797_d02","Contact","Lean","0","0","320","38.4","yes","1801-1797","LN>LN"
"1797","F17","d02","New_F17_1797_d02_rep1","rep1","New_F17_1797_d02_rep2","rep2","d08","1797_d08","Contact","Lean","0","0","320","25.45","yes","1801-1797","LN>LN"
"1797","F17","d06","New_F17_1797_d06_rep1","rep1","New_F17_1797_d06_rep2","rep2","d06","1797_d06","Contact","Lean","3.16E+05","5.499687083","320","22.55","yes","1801-1797","LN>LN"
"1797","F17","d06","New_F17_1797_d06_rep1","rep1","New_F17_1797_d06_rep2","rep2","d04","1797_d04","Contact","Lean","0","0","320","31.46","yes","1801-1797","LN>LN"
"1797","F17","d06","New_F17_1797_d06_rep1","rep1","New_F17_1797_d06_rep2","rep2","d02","1797_d02","Contact","Lean","0","0","320","38.4","yes","1801-1797","LN>LN"
"1797","F17","d06","New_F17_1797_d06_rep1","rep1","New_F17_1797_d06_rep2","rep2","d08","1797_d08","Contact","Lean","0","0","320","25.45","yes","1801-1797","LN>LN"
"1797","F17","d08","New_F17_1797_d08_rep1","rep1","New_F17_1797_d08_rep2","rep2","d06","1797_d06","Contact","Lean","3.16E+05","5.499687083","320","22.55","yes","1801-1797","LN>LN"
"1797","F17","d08","New_F17_1797_d08_rep1","rep1","New_F17_1797_d08_rep2","rep2","d04","1797_d04","Contact","Lean","0","0","320","31.46","yes","1801-1797","LN>LN"
"1797","F17","d08","New_F17_1797_d08_rep1","rep1","New_F17_1797_d08_rep2","rep2","d02","1797_d02","Contact","Lean","0","0","320","38.4","yes","1801-1797","LN>LN"
"1797","F17","d08","New_F17_1797_d08_rep1","rep1","New_F17_1797_d08_rep2","rep2","d08","1797_d08","Contact","Lean","0","0","320","25.45","yes","1801-1797","LN>LN"
"1797","F17","d04","New_F17_1797_d04_rep1","rep1","New_F17_1797_d04_rep2","rep2","d06","1797_d06","Contact","Lean","3.16E+05","5.499687083","320","22.55","yes","1801-1797","LN>LN"
"1797","F17","d04","New_F17_1797_d04_rep1","rep1","New_F17_1797_d04_rep2","rep2","d04","1797_d04","Contact","Lean","0","0","320","31.46","yes","1801-1797","LN>LN"
"1797","F17","d04","New_F17_1797_d04_rep1","rep1","New_F17_1797_d04_rep2","rep2","d02","1797_d02","Contact","Lean","0","0","320","38.4","yes","1801-1797","LN>LN"
"1797","F17","d04","New_F17_1797_d04_rep1","rep1","New_F17_1797_d04_rep2","rep2","d08","1797_d08","Contact","Lean","0","0","320","25.45","yes","1801-1797","LN>LN"
"1800","F17","d02","New_F17_1800_d02_rep1","rep1","New_F17_1800_d02_rep2","rep2","d06","1800_d06","Index","Lean","0","0","640","23.39","yes","1800-1803","LN>LN"
"1800","F17","d02","New_F17_1800_d02_rep1","rep1","New_F17_1800_d02_rep2","rep2","d02","1800_d02","Index","Lean","5.62E+04","4.749736316","640","22.37","yes","1800-1803","LN>LN"
"1800","F17","d02","New_F17_1800_d02_rep1","rep1","New_F17_1800_d02_rep2","rep2","d04","1800_d04","Index","Lean","5.62E+02","2.749736316","640","26.32","yes","1800-1803","LN>LN"
"1800","F17","d02","New_F17_1800_d02_rep1","rep1","New_F17_1800_d02_rep2","rep2","d12","1800_d12","Index","Lean","0","0","640","ND","yes","1800-1803","LN>LN"
"1800","F17","d02","New_F17_1800_d02_rep1","rep1","New_F17_1800_d02_rep2","rep2","d10","1800_d10","Index","Lean","0","0","640","36.62","yes","1800-1803","LN>LN"
"1800","F17","d02","New_F17_1800_d02_rep1","rep1","New_F17_1800_d02_rep2","rep2","d08","1800_d08","Index","Lean","0","0","640","33.22","yes","1800-1803","LN>LN"
"1800","F17","d06","New_F17_1800_d06_rep1","rep1","New_F17_1800_d06_rep2","rep2","d06","1800_d06","Index","Lean","0","0","640","23.39","yes","1800-1803","LN>LN"
"1800","F17","d06","New_F17_1800_d06_rep1","rep1","New_F17_1800_d06_rep2","rep2","d02","1800_d02","Index","Lean","5.62E+04","4.749736316","640","22.37","yes","1800-1803","LN>LN"
"1800","F17","d06","New_F17_1800_d06_rep1","rep1","New_F17_1800_d06_rep2","rep2","d04","1800_d04","Index","Lean","5.62E+02","2.749736316","640","26.32","yes","1800-1803","LN>LN"
"1800","F17","d06","New_F17_1800_d06_rep1","rep1","New_F17_1800_d06_rep2","rep2","d12","1800_d12","Index","Lean","0","0","640","ND","yes","1800-1803","LN>LN"
"1800","F17","d06","New_F17_1800_d06_rep1","rep1","New_F17_1800_d06_rep2","rep2","d10","1800_d10","Index","Lean","0","0","640","36.62","yes","1800-1803","LN>LN"
"1800","F17","d06","New_F17_1800_d06_rep1","rep1","New_F17_1800_d06_rep2","rep2","d08","1800_d08","Index","Lean","0","0","640","33.22","yes","1800-1803","LN>LN"
"1800","F17","d04","New_F17_1800_d04_rep1","rep1","New_F17_1800_d04_rep2","rep2","d06","1800_d06","Index","Lean","0","0","640","23.39","yes","1800-1803","LN>LN"
"1800","F17","d04","New_F17_1800_d04_rep1","rep1","New_F17_1800_d04_rep2","rep2","d02","1800_d02","Index","Lean","5.62E+04","4.749736316","640","22.37","yes","1800-1803","LN>LN"
"1800","F17","d04","New_F17_1800_d04_rep1","rep1","New_F17_1800_d04_rep2","rep2","d04","1800_d04","Index","Lean","5.62E+02","2.749736316","640","26.32","yes","1800-1803","LN>LN"
"1800","F17","d04","New_F17_1800_d04_rep1","rep1","New_F17_1800_d04_rep2","rep2","d12","1800_d12","Index","Lean","0","0","640","ND","yes","1800-1803","LN>LN"
"1800","F17","d04","New_F17_1800_d04_rep1","rep1","New_F17_1800_d04_rep2","rep2","d10","1800_d10","Index","Lean","0","0","640","36.62","yes","1800-1803","LN>LN"
"1800","F17","d04","New_F17_1800_d04_rep1","rep1","New_F17_1800_d04_rep2","rep2","d08","1800_d08","Index","Lean","0","0","640","33.22","yes","1800-1803","LN>LN"
"1801","F17","d04","New_F17_1801_d04_rep1","rep1","New_F17_1801_d04_rep2","rep2","d12","1801_d12","Index","Lean","0","0","0","38.99","yes","1801-1797","LN>LN"
"1801","F17","d04","New_F17_1801_d04_rep1","rep1","New_F17_1801_d04_rep2","rep2","d08","1801_d08","Index","Lean","0","0","0","37.31","yes","1801-1797","LN>LN"
"1801","F17","d04","New_F17_1801_d04_rep1","rep1","New_F17_1801_d04_rep2","rep2","d02","1801_d02","Index","Lean","5.62E+03","3.749736316","0","24.09","yes","1801-1797","LN>LN"
"1801","F17","d04","New_F17_1801_d04_rep1","rep1","New_F17_1801_d04_rep2","rep2","d04","1801_d04","Index","Lean","0","0","0","25.17","yes","1801-1797","LN>LN"
"1801","F17","d04","New_F17_1801_d04_rep1","rep1","New_F17_1801_d04_rep2","rep2","d06","1801_d06","Index","Lean","0","0","0","26.16","yes","1801-1797","LN>LN"
"1801","F17","d02","New_F17_1801_d02_rep1","rep1","New_F17_1801_d02_rep2","rep2","d12","1801_d12","Index","Lean","0","0","0","38.99","yes","1801-1797","LN>LN"
"1801","F17","d02","New_F17_1801_d02_rep1","rep1","New_F17_1801_d02_rep2","rep2","d08","1801_d08","Index","Lean","0","0","0","37.31","yes","1801-1797","LN>LN"
"1801","F17","d02","New_F17_1801_d02_rep1","rep1","New_F17_1801_d02_rep2","rep2","d02","1801_d02","Index","Lean","5.62E+03","3.749736316","0","24.09","yes","1801-1797","LN>LN"
"1801","F17","d02","New_F17_1801_d02_rep1","rep1","New_F17_1801_d02_rep2","rep2","d04","1801_d04","Index","Lean","0","0","0","25.17","yes","1801-1797","LN>LN"
"1801","F17","d02","New_F17_1801_d02_rep1","rep1","New_F17_1801_d02_rep2","rep2","d06","1801_d06","Index","Lean","0","0","0","26.16","yes","1801-1797","LN>LN"
"1910","Sm18","d02","New_Sm18_1910_d02_rep1","rep1","New_Sm18_1910_d02_rep2","rep2","d06","1910_d06","Index","Obese","0","0","320","29.19","yes","1910-1911","OB>OB"
"1910","Sm18","d02","New_Sm18_1910_d02_rep1","rep1","New_Sm18_1910_d02_rep2","rep2","d02","1910_d02","Index","Obese","3.16E+04","4.499687083","320","29.34","yes","1910-1911","OB>OB"
"1910","Sm18","d02","New_Sm18_1910_d02_rep1","rep1","New_Sm18_1910_d02_rep2","rep2","d12","1910_d12","Index","Obese","0","0","320","37.9","yes","1910-1911","OB>OB"
"1912","Sm18","d02","New_Sm18_1912_d02_rep1","rep1","New_Sm18_1912_d02_rep2","rep2","d06","1912_d06","Index","Obese","0","0","320","27.24","yes","1912-1914","OB>OB"
"1912","Sm18","d02","New_Sm18_1912_d02_rep1","rep1","New_Sm18_1912_d02_rep2","rep2","d08","1912_d08","Index","Obese","0","0","320","28.46","yes","1912-1914","OB>OB"
"1912","Sm18","d02","New_Sm18_1912_d02_rep1","rep1","New_Sm18_1912_d02_rep2","rep2","d02","1912_d02","Index","Obese","5.62E+05","5.749736316","320","22.48","yes","1912-1914","OB>OB"
"1912","Sm18","d02","New_Sm18_1912_d02_rep1","rep1","New_Sm18_1912_d02_rep2","rep2","d12","1912_d12","Index","Obese","0","0","320","ND","yes","1912-1914","OB>OB"
"1912","Sm18","d02","New_Sm18_1912_d02_rep1","rep1","New_Sm18_1912_d02_rep2","rep2","d04","1912_d04","Index","Obese","3.16E+04","4.499687083","320","26.96","yes","1912-1914","OB>OB"
"1912","Sm18","d02","New_Sm18_1912_d02_rep1","rep1","New_Sm18_1912_d02_rep2","rep2","d10","1912_d10","Index","Obese","0","0","320","30.8","yes","1912-1914","OB>OB"
"1912","Sm18","d04","New_Sm18_1912_d04_rep1","rep1","New_Sm18_1912_d04_rep2","rep2","d06","1912_d06","Index","Obese","0","0","320","27.24","yes","1912-1914","OB>OB"
"1912","Sm18","d04","New_Sm18_1912_d04_rep1","rep1","New_Sm18_1912_d04_rep2","rep2","d08","1912_d08","Index","Obese","0","0","320","28.46","yes","1912-1914","OB>OB"
"1912","Sm18","d04","New_Sm18_1912_d04_rep1","rep1","New_Sm18_1912_d04_rep2","rep2","d02","1912_d02","Index","Obese","5.62E+05","5.749736316","320","22.48","yes","1912-1914","OB>OB"
"1912","Sm18","d04","New_Sm18_1912_d04_rep1","rep1","New_Sm18_1912_d04_rep2","rep2","d12","1912_d12","Index","Obese","0","0","320","ND","yes","1912-1914","OB>OB"
"1912","Sm18","d04","New_Sm18_1912_d04_rep1","rep1","New_Sm18_1912_d04_rep2","rep2","d04","1912_d04","Index","Obese","3.16E+04","4.499687083","320","26.96","yes","1912-1914","OB>OB"
"1912","Sm18","d04","New_Sm18_1912_d04_rep1","rep1","New_Sm18_1912_d04_rep2","rep2","d10","1912_d10","Index","Obese","0","0","320","30.8","yes","1912-1914","OB>OB"
"1912","Sm18","d06","New_Sm18_1912_d06_rep1","rep1","New_Sm18_1912_d06_rep2","rep2","d06","1912_d06","Index","Obese","0","0","320","27.24","yes","1912-1914","OB>OB"
"1912","Sm18","d06","New_Sm18_1912_d06_rep1","rep1","New_Sm18_1912_d06_rep2","rep2","d08","1912_d08","Index","Obese","0","0","320","28.46","yes","1912-1914","OB>OB"
"1912","Sm18","d06","New_Sm18_1912_d06_rep1","rep1","New_Sm18_1912_d06_rep2","rep2","d02","1912_d02","Index","Obese","5.62E+05","5.749736316","320","22.48","yes","1912-1914","OB>OB"
"1912","Sm18","d06","New_Sm18_1912_d06_rep1","rep1","New_Sm18_1912_d06_rep2","rep2","d12","1912_d12","Index","Obese","0","0","320","ND","yes","1912-1914","OB>OB"
"1912","Sm18","d06","New_Sm18_1912_d06_rep1","rep1","New_Sm18_1912_d06_rep2","rep2","d04","1912_d04","Index","Obese","3.16E+04","4.499687083","320","26.96","yes","1912-1914","OB>OB"
"1912","Sm18","d06","New_Sm18_1912_d06_rep1","rep1","New_Sm18_1912_d06_rep2","rep2","d10","1912_d10","Index","Obese","0","0","320","30.8","yes","1912-1914","OB>OB"
"1913","Sm18","d06","New_Sm18_1913_d06_rep1","rep1","New_Sm18_1913_d06_rep2","rep2","d08","1913_d08","Contact","Lean","5.62E+04","4.749736316","160","28.64","yes","1983-1913","LN>LN"
"1913","Sm18","d06","New_Sm18_1913_d06_rep1","rep1","New_Sm18_1913_d06_rep2","rep2","d02","1913_d02","Contact","Lean","0","0","160","39.51","yes","1983-1913","LN>LN"
"1913","Sm18","d06","New_Sm18_1913_d06_rep1","rep1","New_Sm18_1913_d06_rep2","rep2","d04","1913_d04","Contact","Lean","0","0","160","ND","yes","1983-1913","LN>LN"
"1913","Sm18","d06","New_Sm18_1913_d06_rep1","rep1","New_Sm18_1913_d06_rep2","rep2","d10","1913_d10","Contact","Lean","5.62E+04","4.749736316","160","27.96","yes","1983-1913","LN>LN"
"1913","Sm18","d06","New_Sm18_1913_d06_rep1","rep1","New_Sm18_1913_d06_rep2","rep2","d06","1913_d06","Contact","Lean","5.62E+03","3.749736316","160","34.02","yes","1983-1913","LN>LN"
"1913","Sm18","d08","New_Sm18_1913_d08_rep1","rep1","New_Sm18_1913_d08_rep2","rep2","d08","1913_d08","Contact","Lean","5.62E+04","4.749736316","160","28.64","yes","1983-1913","LN>LN"
"1913","Sm18","d08","New_Sm18_1913_d08_rep1","rep1","New_Sm18_1913_d08_rep2","rep2","d02","1913_d02","Contact","Lean","0","0","160","39.51","yes","1983-1913","LN>LN"
"1913","Sm18","d08","New_Sm18_1913_d08_rep1","rep1","New_Sm18_1913_d08_rep2","rep2","d04","1913_d04","Contact","Lean","0","0","160","ND","yes","1983-1913","LN>LN"
"1913","Sm18","d08","New_Sm18_1913_d08_rep1","rep1","New_Sm18_1913_d08_rep2","rep2","d10","1913_d10","Contact","Lean","5.62E+04","4.749736316","160","27.96","yes","1983-1913","LN>LN"
"1913","Sm18","d08","New_Sm18_1913_d08_rep1","rep1","New_Sm18_1913_d08_rep2","rep2","d06","1913_d06","Contact","Lean","5.62E+03","3.749736316","160","34.02","yes","1983-1913","LN>LN"
"1913","Sm18","d10","New_Sm18_1913_d10_rep1","rep1","New_Sm18_1913_d10_rep2","rep2","d08","1913_d08","Contact","Lean","5.62E+04","4.749736316","160","28.64","yes","1983-1913","LN>LN"
"1913","Sm18","d10","New_Sm18_1913_d10_rep1","rep1","New_Sm18_1913_d10_rep2","rep2","d02","1913_d02","Contact","Lean","0","0","160","39.51","yes","1983-1913","LN>LN"
"1913","Sm18","d10","New_Sm18_1913_d10_rep1","rep1","New_Sm18_1913_d10_rep2","rep2","d04","1913_d04","Contact","Lean","0","0","160","ND","yes","1983-1913","LN>LN"
"1913","Sm18","d10","New_Sm18_1913_d10_rep1","rep1","New_Sm18_1913_d10_rep2","rep2","d10","1913_d10","Contact","Lean","5.62E+04","4.749736316","160","27.96","yes","1983-1913","LN>LN"
"1913","Sm18","d10","New_Sm18_1913_d10_rep1","rep1","New_Sm18_1913_d10_rep2","rep2","d06","1913_d06","Contact","Lean","5.62E+03","3.749736316","160","34.02","yes","1983-1913","LN>LN"
"1914","Sm18","d06","New_Sm18_1914_d06_rep1","rep1","New_Sm18_1914_d06_rep2","rep2","d08","1914_d08","Contact","Obese","3.16E+05","5.499687083","320","26.22","yes","1912-1914","OB>OB"
"1914","Sm18","d06","New_Sm18_1914_d06_rep1","rep1","New_Sm18_1914_d06_rep2","rep2","d12","1914_d12","Contact","Obese","0","0","320","ND","yes","1912-1914","OB>OB"
"1914","Sm18","d06","New_Sm18_1914_d06_rep1","rep1","New_Sm18_1914_d06_rep2","rep2","d06","1914_d06","Contact","Obese","3.16E+06","6.499687083","320","23.27","yes","1912-1914","OB>OB"
"1914","Sm18","d06","New_Sm18_1914_d06_rep1","rep1","New_Sm18_1914_d06_rep2","rep2","d10","1914_d10","Contact","Obese","0","0","320","36.09","yes","1912-1914","OB>OB"
"1914","Sm18","d06","New_Sm18_1914_d06_rep1","rep1","New_Sm18_1914_d06_rep2","rep2","d04","1914_d04","Contact","Obese","0","0","320","ND","yes","1912-1914","OB>OB"
"1914","Sm18","d06","New_Sm18_1914_d06_rep1","rep1","New_Sm18_1914_d06_rep2","rep2","d02","1914_d02","Contact","Obese","0","0","320","37.84","yes","1912-1914","OB>OB"
"1966","Sm18",NA,NA,NA,NA,NA,"d02","1966_d02","Index","Lean","5.62E+05","5.749736316","sacrificed","25.63","yes",NA,NA
"1968","Sm18","d02","New_Sm18_1968_d02_rep1","rep1","New_Sm18_1968_d02_rep2","rep2","d02","1968_d02","Index","Obese","3.16E+04","4.499687083","sacrificed","26.55","yes",NA,NA
"1969","Sm18",NA,NA,NA,NA,NA,"d02","1969_d02","Index","Obese","1.78E+05","5.250420002","sacrificed","21.2","yes",NA,NA
"1970","Sm18","d02","New_Sm18_1970_d02_rep1","rep1","New_Sm18_1970_d02_rep2","rep2","d02","1970_d02","Index","Lean","5.62E+04","4.749736316","1280","25.08","yes","1970-1981","LN>OB"
"1970","Sm18","d02","New_Sm18_1970_d02_rep1","rep1","New_Sm18_1970_d02_rep2","rep2","d08","1970_d08","Index","Lean","0","0","1280","32.89","yes","1970-1981","LN>OB"
"1971","Sm18",NA,NA,NA,NA,NA,"d08","1971_d08","Index","Lean","0","0","320","30.35","yes","1971-1980","LN>OB"
"1972","Sm18",NA,NA,NA,NA,NA,"d02","1972_d02","Index","Lean","1.78E+04","4.250420002","sacrificed","25.16","yes",NA,NA
"1973","Sm18","d02","New_Sm18_1973_d02_rep1","rep1","New_Sm18_1973_d02_rep2","rep2","d08","1973_d08","Index","Lean","0","0","640","32.68","yes","1973-1986","LN>LN"
"1973","Sm18","d02","New_Sm18_1973_d02_rep1","rep1","New_Sm18_1973_d02_rep2","rep2","d06","1973_d06","Index","Lean","0","0","640","30.9","yes","1973-1986","LN>LN"
"1973","Sm18","d02","New_Sm18_1973_d02_rep1","rep1","New_Sm18_1973_d02_rep2","rep2","d02","1973_d02","Index","Lean","5.62E+04","4.749736316","640","24.5","yes","1973-1986","LN>LN"
"1973","Sm18","d06","New_Sm18_1973_d06_rep1","rep1","New_Sm18_1973_d06_rep2","rep2","d08","1973_d08","Index","Lean","0","0","640","32.68","yes","1973-1986","LN>LN"
"1973","Sm18","d06","New_Sm18_1973_d06_rep1","rep1","New_Sm18_1973_d06_rep2","rep2","d06","1973_d06","Index","Lean","0","0","640","30.9","yes","1973-1986","LN>LN"
"1973","Sm18","d06","New_Sm18_1973_d06_rep1","rep1","New_Sm18_1973_d06_rep2","rep2","d02","1973_d02","Index","Lean","5.62E+04","4.749736316","640","24.5","yes","1973-1986","LN>LN"
"1974","Sm18","d02","New_Sm18_1974_d02_rep1","rep1","New_Sm18_1974_d02_rep2","rep2","d06","1974_d06","Index","Lean","0","0","640","34.91","yes","1974-1987","LN>LN"
"1974","Sm18","d02","New_Sm18_1974_d02_rep1","rep1","New_Sm18_1974_d02_rep2","rep2","d10","1974_d10","Index","Lean","0","0","640","ND","yes","1974-1987","LN>LN"
"1974","Sm18","d02","New_Sm18_1974_d02_rep1","rep1","New_Sm18_1974_d02_rep2","rep2","d04","1974_d04","Index","Lean","5.62E+04","4.749736316","640","24.18","yes","1974-1987","LN>LN"
"1974","Sm18","d02","New_Sm18_1974_d02_rep1","rep1","New_Sm18_1974_d02_rep2","rep2","d08","1974_d08","Index","Lean","0","0","640","39.88","yes","1974-1987","LN>LN"
"1974","Sm18","d02","New_Sm18_1974_d02_rep1","rep1","New_Sm18_1974_d02_rep2","rep2","d02","1974_d02","Index","Lean","5.62E+04","4.749736316","640","26.52","yes","1974-1987","LN>LN"
"1974","Sm18","d04","New_Sm18_1974_d04_rep1","rep1","New_Sm18_1974_d04_rep2","rep2","d06","1974_d06","Index","Lean","0","0","640","34.91","yes","1974-1987","LN>LN"
"1974","Sm18","d04","New_Sm18_1974_d04_rep1","rep1","New_Sm18_1974_d04_rep2","rep2","d10","1974_d10","Index","Lean","0","0","640","ND","yes","1974-1987","LN>LN"
"1974","Sm18","d04","New_Sm18_1974_d04_rep1","rep1","New_Sm18_1974_d04_rep2","rep2","d04","1974_d04","Index","Lean","5.62E+04","4.749736316","640","24.18","yes","1974-1987","LN>LN"
"1974","Sm18","d04","New_Sm18_1974_d04_rep1","rep1","New_Sm18_1974_d04_rep2","rep2","d08","1974_d08","Index","Lean","0","0","640","39.88","yes","1974-1987","LN>LN"
"1974","Sm18","d04","New_Sm18_1974_d04_rep1","rep1","New_Sm18_1974_d04_rep2","rep2","d02","1974_d02","Index","Lean","5.62E+04","4.749736316","640","26.52","yes","1974-1987","LN>LN"
"1975","Sm18","d04","New_Sm18_1975_d04_rep1","rep1","New_Sm18_1975_d04_rep2","rep2","d08","1975_d08","Index","Lean","0","0","640","32.61","yes","1975-1967","LN>LN"
"1975","Sm18","d04","New_Sm18_1975_d04_rep1","rep1","New_Sm18_1975_d04_rep2","rep2","d10","1975_d10","Index","Lean","0","0","640","35.92","yes","1975-1967","LN>LN"
"1975","Sm18","d04","New_Sm18_1975_d04_rep1","rep1","New_Sm18_1975_d04_rep2","rep2","d04","1975_d04","Index","Lean","1.75E+05","5.243038049","640","24.15","yes","1975-1967","LN>LN"
"1975","Sm18","d04","New_Sm18_1975_d04_rep1","rep1","New_Sm18_1975_d04_rep2","rep2","d12","1975_d12","Index","Lean","0","0","640","ND","yes","1975-1967","LN>LN"
"1975","Sm18","d04","New_Sm18_1975_d04_rep1","rep1","New_Sm18_1975_d04_rep2","rep2","d06","1975_d06","Index","Lean","0","0","640","28","yes","1975-1967","LN>LN"
"1975","Sm18","d06","New_Sm18_1975_d06_rep1","rep1","New_Sm18_1975_d06_rep2","rep2","d08","1975_d08","Index","Lean","0","0","640","32.61","yes","1975-1967","LN>LN"
"1975","Sm18","d06","New_Sm18_1975_d06_rep1","rep1","New_Sm18_1975_d06_rep2","rep2","d10","1975_d10","Index","Lean","0","0","640","35.92","yes","1975-1967","LN>LN"
"1975","Sm18","d06","New_Sm18_1975_d06_rep1","rep1","New_Sm18_1975_d06_rep2","rep2","d04","1975_d04","Index","Lean","1.75E+05","5.243038049","640","24.15","yes","1975-1967","LN>LN"
"1975","Sm18","d06","New_Sm18_1975_d06_rep1","rep1","New_Sm18_1975_d06_rep2","rep2","d12","1975_d12","Index","Lean","0","0","640","ND","yes","1975-1967","LN>LN"
"1975","Sm18","d06","New_Sm18_1975_d06_rep1","rep1","New_Sm18_1975_d06_rep2","rep2","d06","1975_d06","Index","Lean","0","0","640","28","yes","1975-1967","LN>LN"
"1977","Sm18","d02","New_Sm18_1977_d02_rep1","rep1","New_Sm18_1977_d02_rep2","rep2","d08","1977_d08","Index","Lean","0","0","640","39.79","yes","1977-1976","LN>OB"
"1977","Sm18","d02","New_Sm18_1977_d02_rep1","rep1","New_Sm18_1977_d02_rep2","rep2","d06","1977_d06","Index","Lean","0","0","640","33.66","yes","1977-1976","LN>OB"
"1977","Sm18","d02","New_Sm18_1977_d02_rep1","rep1","New_Sm18_1977_d02_rep2","rep2","d10","1977_d10","Index","Lean","0","0","640","ND","yes","1977-1976","LN>OB"
"1977","Sm18","d02","New_Sm18_1977_d02_rep1","rep1","New_Sm18_1977_d02_rep2","rep2","d02","1977_d02","Index","Lean","3.16E+04","4.499687083","640","26.54","yes","1977-1976","LN>OB"
"1977","Sm18","d06","New_Sm18_1977_d06_rep1","rep1","New_Sm18_1977_d06_rep2","rep2","d08","1977_d08","Index","Lean","0","0","640","39.79","yes","1977-1976","LN>OB"
"1977","Sm18","d06","New_Sm18_1977_d06_rep1","rep1","New_Sm18_1977_d06_rep2","rep2","d06","1977_d06","Index","Lean","0","0","640","33.66","yes","1977-1976","LN>OB"
"1977","Sm18","d06","New_Sm18_1977_d06_rep1","rep1","New_Sm18_1977_d06_rep2","rep2","d10","1977_d10","Index","Lean","0","0","640","ND","yes","1977-1976","LN>OB"
"1977","Sm18","d06","New_Sm18_1977_d06_rep1","rep1","New_Sm18_1977_d06_rep2","rep2","d02","1977_d02","Index","Lean","3.16E+04","4.499687083","640","26.54","yes","1977-1976","LN>OB"
"1980","Sm18","d02","New_Sm18_1980_d02_rep1","rep1","New_Sm18_1980_d02_rep2","rep2","d12","1980_d12","Contact","Obese","0","0","320","ND","yes","1971-1980","LN>OB"
"1980","Sm18","d02","New_Sm18_1980_d02_rep1","rep1","New_Sm18_1980_d02_rep2","rep2","d04","1980_d04","Contact","Obese","3.16E+04","4.499687083","320","29.07","yes","1971-1980","LN>OB"
"1980","Sm18","d02","New_Sm18_1980_d02_rep1","rep1","New_Sm18_1980_d02_rep2","rep2","d10","1980_d10","Contact","Obese","0","0","320","36.3","yes","1971-1980","LN>OB"
"1980","Sm18","d02","New_Sm18_1980_d02_rep1","rep1","New_Sm18_1980_d02_rep2","rep2","d02","1980_d02","Contact","Obese","0","0","320","35.34","yes","1971-1980","LN>OB"
"1980","Sm18","d02","New_Sm18_1980_d02_rep1","rep1","New_Sm18_1980_d02_rep2","rep2","d06","1980_d06","Contact","Obese","5.62E+04","4.749736316","320","27.85","yes","1971-1980","LN>OB"
"1980","Sm18","d02","New_Sm18_1980_d02_rep1","rep1","New_Sm18_1980_d02_rep2","rep2","d08","1980_d08","Contact","Obese","5.62E+04","4.749736316","320","27.87","yes","1971-1980","LN>OB"
"1980","Sm18","d04","New_Sm18_1980_d04_rep1","rep1","New_Sm18_1980_d04_rep2","rep2","d12","1980_d12","Contact","Obese","0","0","320","ND","yes","1971-1980","LN>OB"
"1980","Sm18","d04","New_Sm18_1980_d04_rep1","rep1","New_Sm18_1980_d04_rep2","rep2","d04","1980_d04","Contact","Obese","3.16E+04","4.499687083","320","29.07","yes","1971-1980","LN>OB"
"1980","Sm18","d04","New_Sm18_1980_d04_rep1","rep1","New_Sm18_1980_d04_rep2","rep2","d10","1980_d10","Contact","Obese","0","0","320","36.3","yes","1971-1980","LN>OB"
"1980","Sm18","d04","New_Sm18_1980_d04_rep1","rep1","New_Sm18_1980_d04_rep2","rep2","d02","1980_d02","Contact","Obese","0","0","320","35.34","yes","1971-1980","LN>OB"
"1980","Sm18","d04","New_Sm18_1980_d04_rep1","rep1","New_Sm18_1980_d04_rep2","rep2","d06","1980_d06","Contact","Obese","5.62E+04","4.749736316","320","27.85","yes","1971-1980","LN>OB"
"1980","Sm18","d04","New_Sm18_1980_d04_rep1","rep1","New_Sm18_1980_d04_rep2","rep2","d08","1980_d08","Contact","Obese","5.62E+04","4.749736316","320","27.87","yes","1971-1980","LN>OB"
"1980","Sm18","d06","New_Sm18_1980_d06_rep1","rep1","New_Sm18_1980_d06_rep2","rep2","d12","1980_d12","Contact","Obese","0","0","320","ND","yes","1971-1980","LN>OB"
"1980","Sm18","d06","New_Sm18_1980_d06_rep1","rep1","New_Sm18_1980_d06_rep2","rep2","d04","1980_d04","Contact","Obese","3.16E+04","4.499687083","320","29.07","yes","1971-1980","LN>OB"
"1980","Sm18","d06","New_Sm18_1980_d06_rep1","rep1","New_Sm18_1980_d06_rep2","rep2","d10","1980_d10","Contact","Obese","0","0","320","36.3","yes","1971-1980","LN>OB"
"1980","Sm18","d06","New_Sm18_1980_d06_rep1","rep1","New_Sm18_1980_d06_rep2","rep2","d02","1980_d02","Contact","Obese","0","0","320","35.34","yes","1971-1980","LN>OB"
"1980","Sm18","d06","New_Sm18_1980_d06_rep1","rep1","New_Sm18_1980_d06_rep2","rep2","d06","1980_d06","Contact","Obese","5.62E+04","4.749736316","320","27.85","yes","1971-1980","LN>OB"
"1980","Sm18","d06","New_Sm18_1980_d06_rep1","rep1","New_Sm18_1980_d06_rep2","rep2","d08","1980_d08","Contact","Obese","5.62E+04","4.749736316","320","27.87","yes","1971-1980","LN>OB"
"1980","Sm18","d08","New_Sm18_1980_d08_rep1","rep1","New_Sm18_1980_d08_rep2","rep2","d12","1980_d12","Contact","Obese","0","0","320","ND","yes","1971-1980","LN>OB"
"1980","Sm18","d08","New_Sm18_1980_d08_rep1","rep1","New_Sm18_1980_d08_rep2","rep2","d04","1980_d04","Contact","Obese","3.16E+04","4.499687083","320","29.07","yes","1971-1980","LN>OB"
"1980","Sm18","d08","New_Sm18_1980_d08_rep1","rep1","New_Sm18_1980_d08_rep2","rep2","d10","1980_d10","Contact","Obese","0","0","320","36.3","yes","1971-1980","LN>OB"
"1980","Sm18","d08","New_Sm18_1980_d08_rep1","rep1","New_Sm18_1980_d08_rep2","rep2","d02","1980_d02","Contact","Obese","0","0","320","35.34","yes","1971-1980","LN>OB"
"1980","Sm18","d08","New_Sm18_1980_d08_rep1","rep1","New_Sm18_1980_d08_rep2","rep2","d06","1980_d06","Contact","Obese","5.62E+04","4.749736316","320","27.85","yes","1971-1980","LN>OB"
"1980","Sm18","d08","New_Sm18_1980_d08_rep1","rep1","New_Sm18_1980_d08_rep2","rep2","d08","1980_d08","Contact","Obese","5.62E+04","4.749736316","320","27.87","yes","1971-1980","LN>OB"
"1981","Sm18","d10","New_Sm18_1981_d10_rep1","rep1","New_Sm18_1981_d10_rep2","rep2","d02","1981_d02","Contact","Obese","0","0","320","36","yes","1970-1981","LN>OB"
"1981","Sm18","d10","New_Sm18_1981_d10_rep1","rep1","New_Sm18_1981_d10_rep2","rep2","d04","1981_d04","Contact","Obese","0","0","320","ND","yes","1970-1981","LN>OB"
"1981","Sm18","d10","New_Sm18_1981_d10_rep1","rep1","New_Sm18_1981_d10_rep2","rep2","d10","1981_d10","Contact","Obese","1.78E+05","5.250420002","320","24.48","yes","1970-1981","LN>OB"
"1981","Sm18","d10","New_Sm18_1981_d10_rep1","rep1","New_Sm18_1981_d10_rep2","rep2","d12","1981_d12","Contact","Obese","0","0","320","37.04","yes","1970-1981","LN>OB"
"1981","Sm18","d10","New_Sm18_1981_d10_rep1","rep1","New_Sm18_1981_d10_rep2","rep2","d08","1981_d08","Contact","Obese","1.78E+06","6.250420002","320","23.23","yes","1970-1981","LN>OB"
"1983","Sm18",NA,NA,NA,NA,NA,"d12","1983_d12","Index","Lean","0","0","640","39.48","yes","1983-1913","LN>LN"
"1983","Sm18",NA,NA,NA,NA,NA,"d10","1983_d10","Index","Lean","0","0","640","ND","yes","1983-1913","LN>LN"
"1983","Sm18",NA,NA,NA,NA,NA,"d08","1983_d08","Index","Lean","0","0","640","NA","yes","1983-1913","LN>LN"
"1983","Sm18",NA,NA,NA,NA,NA,"d06","1983_d06","Index","Lean","0","0","640","31.11","yes","1983-1913","LN>LN"
"1984","Sm18","d02","New_Sm18_1984_d02_rep1","rep1","New_Sm18_1984_d02_rep2","rep2","d04","1984_d04","Index","Obese","3.16E+03","3.499687083","320","28.06","yes","1984-1915","OB>LN"
"1984","Sm18","d02","New_Sm18_1984_d02_rep1","rep1","New_Sm18_1984_d02_rep2","rep2","d02","1984_d02","Index","Obese","5.62E+03","3.749736316","320","26.57","yes","1984-1915","OB>LN"
"1984","Sm18","d02","New_Sm18_1984_d02_rep1","rep1","New_Sm18_1984_d02_rep2","rep2","d12","1984_d12","Index","Obese","0","0","320","39.59","yes","1984-1915","OB>LN"
"1984","Sm18","d04","New_Sm18_1984_d04_rep1","rep1","New_Sm18_1984_d04_rep2","rep2","d04","1984_d04","Index","Obese","3.16E+03","3.499687083","320","28.06","yes","1984-1915","OB>LN"
"1984","Sm18","d04","New_Sm18_1984_d04_rep1","rep1","New_Sm18_1984_d04_rep2","rep2","d02","1984_d02","Index","Obese","5.62E+03","3.749736316","320","26.57","yes","1984-1915","OB>LN"
"1984","Sm18","d04","New_Sm18_1984_d04_rep1","rep1","New_Sm18_1984_d04_rep2","rep2","d12","1984_d12","Index","Obese","0","0","320","39.59","yes","1984-1915","OB>LN"
"1986","Sm18","d10","New_Sm18_1986_d10_rep1","rep1","New_Sm18_1986_d10_rep2","rep2","d02","1986_d02","Contact","Lean","0","0","1280","ND","yes","1973-1986","LN>LN"
"1986","Sm18","d10","New_Sm18_1986_d10_rep1","rep1","New_Sm18_1986_d10_rep2","rep2","d04","1986_d04","Contact","Lean","0","0","1280","ND","yes","1973-1986","LN>LN"
"1986","Sm18","d10","New_Sm18_1986_d10_rep1","rep1","New_Sm18_1986_d10_rep2","rep2","d10","1986_d10","Contact","Lean","1.78E+04","4.250420002","1280","27.29","yes","1973-1986","LN>LN"
"2231","Sp19","d06","New_Sp19_2231_d06_rep1","rep1","New_Sp19_2231_d06_rep2","rep2","d08","2231_d08","Contact","Obese","3.16E+06","6.499687083","160","24.07","yes","2253-2231","LN>OB"
"2231","Sp19","d06","New_Sp19_2231_d06_rep1","rep1","New_Sp19_2231_d06_rep2","rep2","d12","2231_d12","Contact","Obese","0","0","160","ND","yes","2253-2231","LN>OB"
"2231","Sp19","d06","New_Sp19_2231_d06_rep1","rep1","New_Sp19_2231_d06_rep2","rep2","d06","2231_d06","Contact","Obese","3.16E+06","6.499687083","160","23.74","yes","2253-2231","LN>OB"
"2231","Sp19","d06","New_Sp19_2231_d06_rep1","rep1","New_Sp19_2231_d06_rep2","rep2","d04","2231_d04","Contact","Obese","3.16E+04","4.499687083","160","36.55","yes","2253-2231","LN>OB"
"2232","Sp19","d02","New_Sp19_2232_d02_rep1","rep1","New_Sp19_2232_d02_rep2","rep2","d12","2232_d12","Index","Obese","0","0","640","39.45","yes","2233-2232","OB>OB"
"2232","Sp19","d02","New_Sp19_2232_d02_rep1","rep1","New_Sp19_2232_d02_rep2","rep2","d12","2232_d12","Index","Obese","0","0","640","39.45","yes","2232-2244","OB>LN"
"2232","Sp19","d02","New_Sp19_2232_d02_rep1","rep1","New_Sp19_2232_d02_rep2","rep2","d08","2232_d08","Contact","Obese","5.62E+05","5.749736316","640","24.46","yes","2232-2244","OB>LN"
"2232","Sp19","d02","New_Sp19_2232_d02_rep1","rep1","New_Sp19_2232_d02_rep2","rep2","d08","2232_d08","Contact","Obese","5.62E+05","5.749736316","640","24.46","yes","2233-2232","OB>OB"
"2232","Sp19","d02","New_Sp19_2232_d02_rep1","rep1","New_Sp19_2232_d02_rep2","rep2","d10","2232_d10","Contact","Obese","0","0","640","34.43","yes","2232-2244","OB>LN"
"2232","Sp19","d02","New_Sp19_2232_d02_rep1","rep1","New_Sp19_2232_d02_rep2","rep2","d10","2232_d10","Index","Obese","0","0","640","34.43","yes","2233-2232","OB>OB"
"2232","Sp19","d02","New_Sp19_2232_d02_rep1","rep1","New_Sp19_2232_d02_rep2","rep2","d04","2232_d04","Index","Obese","3.16E+06","6.499687083","640","23.4","yes","2232-2244","OB>LN"
"2232","Sp19","d02","New_Sp19_2232_d02_rep1","rep1","New_Sp19_2232_d02_rep2","rep2","d04","2232_d04","Index","Obese","3.16E+06","6.499687083","640","23.4","yes","2233-2232","OB>OB"
"2232","Sp19","d02","New_Sp19_2232_d02_rep1","rep1","New_Sp19_2232_d02_rep2","rep2","d04","2232_d04","Contact","Obese","3.16E+06","6.499687083","640","23.4","yes","2232-2244","OB>LN"
"2232","Sp19","d02","New_Sp19_2232_d02_rep1","rep1","New_Sp19_2232_d02_rep2","rep2","d04","2232_d04","Contact","Obese","3.16E+06","6.499687083","640","23.4","yes","2233-2232","OB>OB"
"2232","Sp19","d02","New_Sp19_2232_d02_rep1","rep1","New_Sp19_2232_d02_rep2","rep2","d10","2232_d10","Index","Obese","0","0","640","34.43","yes","2232-2244","OB>LN"
"2232","Sp19","d02","New_Sp19_2232_d02_rep1","rep1","New_Sp19_2232_d02_rep2","rep2","d08","2232_d08","Index","Obese","5.62E+05","5.749736316","640","24.46","yes","2233-2232","OB>OB"
"2232","Sp19","d02","New_Sp19_2232_d02_rep1","rep1","New_Sp19_2232_d02_rep2","rep2","d02","2232_d02","Contact","Obese","0","0","640","36.37","yes","2232-2244","OB>LN"
"2232","Sp19","d02","New_Sp19_2232_d02_rep1","rep1","New_Sp19_2232_d02_rep2","rep2","d06","2232_d06","Index","Obese","5.62E+05","5.749736316","640","24.96","yes","2232-2244","OB>LN"
"2232","Sp19","d02","New_Sp19_2232_d02_rep1","rep1","New_Sp19_2232_d02_rep2","rep2","d10","2232_d10","Contact","Obese","0","0","640","34.43","yes","2233-2232","OB>OB"
"2232","Sp19","d02","New_Sp19_2232_d02_rep1","rep1","New_Sp19_2232_d02_rep2","rep2","d12","2232_d12","Contact","Obese","0","0","640","39.45","yes","2233-2232","OB>OB"
"2232","Sp19","d02","New_Sp19_2232_d02_rep1","rep1","New_Sp19_2232_d02_rep2","rep2","d08","2232_d08","Index","Obese","5.62E+05","5.749736316","640","24.46","yes","2232-2244","OB>LN"
"2232","Sp19","d02","New_Sp19_2232_d02_rep1","rep1","New_Sp19_2232_d02_rep2","rep2","d02","2232_d02","Contact","Obese","0","0","640","36.37","yes","2233-2232","OB>OB"
"2232","Sp19","d02","New_Sp19_2232_d02_rep1","rep1","New_Sp19_2232_d02_rep2","rep2","d12","2232_d12","Contact","Obese","0","0","640","39.45","yes","2232-2244","OB>LN"
"2232","Sp19","d02","New_Sp19_2232_d02_rep1","rep1","New_Sp19_2232_d02_rep2","rep2","d06","2232_d06","Index","Obese","5.62E+05","5.749736316","640","24.96","yes","2233-2232","OB>OB"
"2232","Sp19","d02","New_Sp19_2232_d02_rep1","rep1","New_Sp19_2232_d02_rep2","rep2","d06","2232_d06","Contact","Obese","5.62E+05","5.749736316","640","24.96","yes","2232-2244","OB>LN"
"2232","Sp19","d02","New_Sp19_2232_d02_rep1","rep1","New_Sp19_2232_d02_rep2","rep2","d06","2232_d06","Contact","Obese","5.62E+05","5.749736316","640","24.96","yes","2233-2232","OB>OB"
"2232","Sp19","d02","New_Sp19_2232_d02_rep1","rep1","New_Sp19_2232_d02_rep2","rep2","d02","2232_d02","Index","Obese","0","0","640","36.37","yes","2233-2232","OB>OB"
"2232","Sp19","d02","New_Sp19_2232_d02_rep1","rep1","New_Sp19_2232_d02_rep2","rep2","d02","2232_d02","Index","Obese","0","0","640","36.37","yes","2232-2244","OB>LN"
"2232","Sp19","d06","New_Sp19_2232_d06_rep1","rep1","New_Sp19_2232_d06_rep2","rep2","d12","2232_d12","Index","Obese","0","0","640","39.45","yes","2233-2232","OB>OB"
"2232","Sp19","d06","New_Sp19_2232_d06_rep1","rep1","New_Sp19_2232_d06_rep2","rep2","d12","2232_d12","Index","Obese","0","0","640","39.45","yes","2232-2244","OB>LN"
"2232","Sp19","d06","New_Sp19_2232_d06_rep1","rep1","New_Sp19_2232_d06_rep2","rep2","d08","2232_d08","Contact","Obese","5.62E+05","5.749736316","640","24.46","yes","2232-2244","OB>LN"
"2232","Sp19","d06","New_Sp19_2232_d06_rep1","rep1","New_Sp19_2232_d06_rep2","rep2","d08","2232_d08","Contact","Obese","5.62E+05","5.749736316","640","24.46","yes","2233-2232","OB>OB"
"2232","Sp19","d06","New_Sp19_2232_d06_rep1","rep1","New_Sp19_2232_d06_rep2","rep2","d10","2232_d10","Contact","Obese","0","0","640","34.43","yes","2232-2244","OB>LN"
"2232","Sp19","d06","New_Sp19_2232_d06_rep1","rep1","New_Sp19_2232_d06_rep2","rep2","d10","2232_d10","Index","Obese","0","0","640","34.43","yes","2233-2232","OB>OB"
"2232","Sp19","d06","New_Sp19_2232_d06_rep1","rep1","New_Sp19_2232_d06_rep2","rep2","d04","2232_d04","Index","Obese","3.16E+06","6.499687083","640","23.4","yes","2232-2244","OB>LN"
"2232","Sp19","d06","New_Sp19_2232_d06_rep1","rep1","New_Sp19_2232_d06_rep2","rep2","d04","2232_d04","Index","Obese","3.16E+06","6.499687083","640","23.4","yes","2233-2232","OB>OB"
"2232","Sp19","d06","New_Sp19_2232_d06_rep1","rep1","New_Sp19_2232_d06_rep2","rep2","d04","2232_d04","Contact","Obese","3.16E+06","6.499687083","640","23.4","yes","2232-2244","OB>LN"
"2232","Sp19","d06","New_Sp19_2232_d06_rep1","rep1","New_Sp19_2232_d06_rep2","rep2","d04","2232_d04","Contact","Obese","3.16E+06","6.499687083","640","23.4","yes","2233-2232","OB>OB"
"2232","Sp19","d06","New_Sp19_2232_d06_rep1","rep1","New_Sp19_2232_d06_rep2","rep2","d10","2232_d10","Index","Obese","0","0","640","34.43","yes","2232-2244","OB>LN"
"2232","Sp19","d06","New_Sp19_2232_d06_rep1","rep1","New_Sp19_2232_d06_rep2","rep2","d08","2232_d08","Index","Obese","5.62E+05","5.749736316","640","24.46","yes","2233-2232","OB>OB"
"2232","Sp19","d06","New_Sp19_2232_d06_rep1","rep1","New_Sp19_2232_d06_rep2","rep2","d02","2232_d02","Contact","Obese","0","0","640","36.37","yes","2232-2244","OB>LN"
"2232","Sp19","d06","New_Sp19_2232_d06_rep1","rep1","New_Sp19_2232_d06_rep2","rep2","d06","2232_d06","Index","Obese","5.62E+05","5.749736316","640","24.96","yes","2232-2244","OB>LN"
"2232","Sp19","d06","New_Sp19_2232_d06_rep1","rep1","New_Sp19_2232_d06_rep2","rep2","d10","2232_d10","Contact","Obese","0","0","640","34.43","yes","2233-2232","OB>OB"
"2232","Sp19","d06","New_Sp19_2232_d06_rep1","rep1","New_Sp19_2232_d06_rep2","rep2","d12","2232_d12","Contact","Obese","0","0","640","39.45","yes","2233-2232","OB>OB"
"2232","Sp19","d06","New_Sp19_2232_d06_rep1","rep1","New_Sp19_2232_d06_rep2","rep2","d08","2232_d08","Index","Obese","5.62E+05","5.749736316","640","24.46","yes","2232-2244","OB>LN"
"2232","Sp19","d06","New_Sp19_2232_d06_rep1","rep1","New_Sp19_2232_d06_rep2","rep2","d02","2232_d02","Contact","Obese","0","0","640","36.37","yes","2233-2232","OB>OB"
"2232","Sp19","d06","New_Sp19_2232_d06_rep1","rep1","New_Sp19_2232_d06_rep2","rep2","d12","2232_d12","Contact","Obese","0","0","640","39.45","yes","2232-2244","OB>LN"
"2232","Sp19","d06","New_Sp19_2232_d06_rep1","rep1","New_Sp19_2232_d06_rep2","rep2","d06","2232_d06","Index","Obese","5.62E+05","5.749736316","640","24.96","yes","2233-2232","OB>OB"
"2232","Sp19","d06","New_Sp19_2232_d06_rep1","rep1","New_Sp19_2232_d06_rep2","rep2","d06","2232_d06","Contact","Obese","5.62E+05","5.749736316","640","24.96","yes","2232-2244","OB>LN"
"2232","Sp19","d06","New_Sp19_2232_d06_rep1","rep1","New_Sp19_2232_d06_rep2","rep2","d06","2232_d06","Contact","Obese","5.62E+05","5.749736316","640","24.96","yes","2233-2232","OB>OB"
"2232","Sp19","d06","New_Sp19_2232_d06_rep1","rep1","New_Sp19_2232_d06_rep2","rep2","d02","2232_d02","Index","Obese","0","0","640","36.37","yes","2233-2232","OB>OB"
"2232","Sp19","d06","New_Sp19_2232_d06_rep1","rep1","New_Sp19_2232_d06_rep2","rep2","d02","2232_d02","Index","Obese","0","0","640","36.37","yes","2232-2244","OB>LN"
"2232","Sp19","d08","New_Sp19_2232_d08_rep1","rep1","New_Sp19_2232_d08_rep2","rep2","d12","2232_d12","Index","Obese","0","0","640","39.45","yes","2233-2232","OB>OB"
"2232","Sp19","d08","New_Sp19_2232_d08_rep1","rep1","New_Sp19_2232_d08_rep2","rep2","d12","2232_d12","Index","Obese","0","0","640","39.45","yes","2232-2244","OB>LN"
"2232","Sp19","d08","New_Sp19_2232_d08_rep1","rep1","New_Sp19_2232_d08_rep2","rep2","d08","2232_d08","Contact","Obese","5.62E+05","5.749736316","640","24.46","yes","2232-2244","OB>LN"
"2232","Sp19","d08","New_Sp19_2232_d08_rep1","rep1","New_Sp19_2232_d08_rep2","rep2","d08","2232_d08","Contact","Obese","5.62E+05","5.749736316","640","24.46","yes","2233-2232","OB>OB"
"2232","Sp19","d08","New_Sp19_2232_d08_rep1","rep1","New_Sp19_2232_d08_rep2","rep2","d10","2232_d10","Contact","Obese","0","0","640","34.43","yes","2232-2244","OB>LN"
"2232","Sp19","d08","New_Sp19_2232_d08_rep1","rep1","New_Sp19_2232_d08_rep2","rep2","d10","2232_d10","Index","Obese","0","0","640","34.43","yes","2233-2232","OB>OB"
"2232","Sp19","d08","New_Sp19_2232_d08_rep1","rep1","New_Sp19_2232_d08_rep2","rep2","d04","2232_d04","Index","Obese","3.16E+06","6.499687083","640","23.4","yes","2232-2244","OB>LN"
"2232","Sp19","d08","New_Sp19_2232_d08_rep1","rep1","New_Sp19_2232_d08_rep2","rep2","d04","2232_d04","Index","Obese","3.16E+06","6.499687083","640","23.4","yes","2233-2232","OB>OB"
"2232","Sp19","d08","New_Sp19_2232_d08_rep1","rep1","New_Sp19_2232_d08_rep2","rep2","d04","2232_d04","Contact","Obese","3.16E+06","6.499687083","640","23.4","yes","2232-2244","OB>LN"
"2232","Sp19","d08","New_Sp19_2232_d08_rep1","rep1","New_Sp19_2232_d08_rep2","rep2","d04","2232_d04","Contact","Obese","3.16E+06","6.499687083","640","23.4","yes","2233-2232","OB>OB"
"2232","Sp19","d08","New_Sp19_2232_d08_rep1","rep1","New_Sp19_2232_d08_rep2","rep2","d10","2232_d10","Index","Obese","0","0","640","34.43","yes","2232-2244","OB>LN"
"2232","Sp19","d08","New_Sp19_2232_d08_rep1","rep1","New_Sp19_2232_d08_rep2","rep2","d08","2232_d08","Index","Obese","5.62E+05","5.749736316","640","24.46","yes","2233-2232","OB>OB"
"2232","Sp19","d08","New_Sp19_2232_d08_rep1","rep1","New_Sp19_2232_d08_rep2","rep2","d02","2232_d02","Contact","Obese","0","0","640","36.37","yes","2232-2244","OB>LN"
"2232","Sp19","d08","New_Sp19_2232_d08_rep1","rep1","New_Sp19_2232_d08_rep2","rep2","d06","2232_d06","Index","Obese","5.62E+05","5.749736316","640","24.96","yes","2232-2244","OB>LN"
"2232","Sp19","d08","New_Sp19_2232_d08_rep1","rep1","New_Sp19_2232_d08_rep2","rep2","d10","2232_d10","Contact","Obese","0","0","640","34.43","yes","2233-2232","OB>OB"
"2232","Sp19","d08","New_Sp19_2232_d08_rep1","rep1","New_Sp19_2232_d08_rep2","rep2","d12","2232_d12","Contact","Obese","0","0","640","39.45","yes","2233-2232","OB>OB"
"2232","Sp19","d08","New_Sp19_2232_d08_rep1","rep1","New_Sp19_2232_d08_rep2","rep2","d08","2232_d08","Index","Obese","5.62E+05","5.749736316","640","24.46","yes","2232-2244","OB>LN"
"2232","Sp19","d08","New_Sp19_2232_d08_rep1","rep1","New_Sp19_2232_d08_rep2","rep2","d02","2232_d02","Contact","Obese","0","0","640","36.37","yes","2233-2232","OB>OB"
"2232","Sp19","d08","New_Sp19_2232_d08_rep1","rep1","New_Sp19_2232_d08_rep2","rep2","d12","2232_d12","Contact","Obese","0","0","640","39.45","yes","2232-2244","OB>LN"
"2232","Sp19","d08","New_Sp19_2232_d08_rep1","rep1","New_Sp19_2232_d08_rep2","rep2","d06","2232_d06","Index","Obese","5.62E+05","5.749736316","640","24.96","yes","2233-2232","OB>OB"
"2232","Sp19","d08","New_Sp19_2232_d08_rep1","rep1","New_Sp19_2232_d08_rep2","rep2","d06","2232_d06","Contact","Obese","5.62E+05","5.749736316","640","24.96","yes","2232-2244","OB>LN"
"2232","Sp19","d08","New_Sp19_2232_d08_rep1","rep1","New_Sp19_2232_d08_rep2","rep2","d06","2232_d06","Contact","Obese","5.62E+05","5.749736316","640","24.96","yes","2233-2232","OB>OB"
"2232","Sp19","d08","New_Sp19_2232_d08_rep1","rep1","New_Sp19_2232_d08_rep2","rep2","d02","2232_d02","Index","Obese","0","0","640","36.37","yes","2233-2232","OB>OB"
"2232","Sp19","d08","New_Sp19_2232_d08_rep1","rep1","New_Sp19_2232_d08_rep2","rep2","d02","2232_d02","Index","Obese","0","0","640","36.37","yes","2232-2244","OB>LN"
"2233","Sp19","d04","New_Sp19_2233_d04_rep1","rep1","New_Sp19_2233_d04_rep2","rep2","d02","2233_d02","Index","Obese","1.78E+07","7.250420002","sacrificed","22.08","yes","2233-2232","OB>OB"
"2233","Sp19","d04","New_Sp19_2233_d04_rep1","rep1","New_Sp19_2233_d04_rep2","rep2","d04","2233_d04","Index","Obese","5.62E+04","4.749736316","sacrificed","26.78","yes","2233-2232","OB>OB"
"2234","Sp19","d04","New_Sp19_2234_d04_rep1","rep1","New_Sp19_2234_d04_rep2","rep2","d04","2234_d04","Index","Obese","5.62E+04","4.749736316","sacrificed","26.5","yes","2234-2235","OB>OB"
"2235","Sp19",NA,NA,NA,NA,NA,"d04","2235_d04","Contact","Obese","0","0","0","39.25","yes","2234-2235","OB>OB"
"2235","Sp19",NA,NA,NA,NA,NA,"d02","2235_d02","Contact","Obese","0","0","0","36.65","yes","2234-2235","OB>OB"
"2235","Sp19",NA,NA,NA,NA,NA,"d02","2235_d02","Contact","Obese","0","0","0","36.65","yes","2235-2243","OB>LN"
"2235","Sp19",NA,NA,NA,NA,NA,"d12","2235_d12","Contact","Obese","0","0","0","ND","yes","2234-2235","OB>OB"
"2235","Sp19",NA,NA,NA,NA,NA,"d12","2235_d12","Contact","Obese","0","0","0","ND","yes","2235-2243","OB>LN"
"2235","Sp19",NA,NA,NA,NA,NA,"d04","2235_d04","Contact","Obese","0","0","0","39.25","yes","2235-2243","OB>LN"
"2239","Sp19","d02","New_Sp19_2239_d02_rep1","rep1","New_Sp19_2239_d02_rep2","rep2","d02","2239_d02","Contact","Obese","0","0","320","35.78","yes","2239-2246","OB>LN"
"2239","Sp19","d02","New_Sp19_2239_d02_rep1","rep1","New_Sp19_2239_d02_rep2","rep2","d04","2239_d04","Index","Obese","5.62E+02","2.749736316","320","36.52","yes","2239-2246","OB>LN"
"2239","Sp19","d02","New_Sp19_2239_d02_rep1","rep1","New_Sp19_2239_d02_rep2","rep2","d12","2239_d12","Index","Obese","0","0","320","38.67","yes","2239-2246","OB>LN"
"2239","Sp19","d02","New_Sp19_2239_d02_rep1","rep1","New_Sp19_2239_d02_rep2","rep2","d12","2239_d12","Contact","Obese","0","0","320","38.67","yes","2239-2246","OB>LN"
"2239","Sp19","d02","New_Sp19_2239_d02_rep1","rep1","New_Sp19_2239_d02_rep2","rep2","d12","2239_d12","Index","Obese","0","0","320","38.67","yes","2240-2239","OB>OB"
"2239","Sp19","d02","New_Sp19_2239_d02_rep1","rep1","New_Sp19_2239_d02_rep2","rep2","d02","2239_d02","Contact","Obese","0","0","320","35.78","yes","2240-2239","OB>OB"
"2239","Sp19","d02","New_Sp19_2239_d02_rep1","rep1","New_Sp19_2239_d02_rep2","rep2","d04","2239_d04","Index","Obese","5.62E+02","2.749736316","320","36.52","yes","2240-2239","OB>OB"
"2239","Sp19","d02","New_Sp19_2239_d02_rep1","rep1","New_Sp19_2239_d02_rep2","rep2","d10","2239_d10","Contact","Obese","3.16E+02","2.499687083","320","29.9","yes","2239-2246","OB>LN"
"2239","Sp19","d02","New_Sp19_2239_d02_rep1","rep1","New_Sp19_2239_d02_rep2","rep2","d02","2239_d02","Index","Obese","0","0","320","35.78","yes","2240-2239","OB>OB"
"2239","Sp19","d02","New_Sp19_2239_d02_rep1","rep1","New_Sp19_2239_d02_rep2","rep2","d12","2239_d12","Contact","Obese","0","0","320","38.67","yes","2240-2239","OB>OB"
"2239","Sp19","d02","New_Sp19_2239_d02_rep1","rep1","New_Sp19_2239_d02_rep2","rep2","d08","2239_d08","Contact","Obese","5.62E+05","5.749736316","320","26.71","yes","2240-2239","OB>OB"
"2239","Sp19","d02","New_Sp19_2239_d02_rep1","rep1","New_Sp19_2239_d02_rep2","rep2","d10","2239_d10","Index","Obese","3.16E+02","2.499687083","320","29.9","yes","2240-2239","OB>OB"
"2239","Sp19","d02","New_Sp19_2239_d02_rep1","rep1","New_Sp19_2239_d02_rep2","rep2","d06","2239_d06","Index","Obese","1.78E+06","6.250420002","320","24.08","yes","2239-2246","OB>LN"
"2239","Sp19","d02","New_Sp19_2239_d02_rep1","rep1","New_Sp19_2239_d02_rep2","rep2","d02","2239_d02","Index","Obese","0","0","320","35.78","yes","2239-2246","OB>LN"
"2239","Sp19","d02","New_Sp19_2239_d02_rep1","rep1","New_Sp19_2239_d02_rep2","rep2","d08","2239_d08","Contact","Obese","5.62E+05","5.749736316","320","26.71","yes","2239-2246","OB>LN"
"2239","Sp19","d02","New_Sp19_2239_d02_rep1","rep1","New_Sp19_2239_d02_rep2","rep2","d06","2239_d06","Contact","Obese","1.78E+06","6.250420002","320","24.08","yes","2239-2246","OB>LN"
"2239","Sp19","d02","New_Sp19_2239_d02_rep1","rep1","New_Sp19_2239_d02_rep2","rep2","d06","2239_d06","Contact","Obese","1.78E+06","6.250420002","320","24.08","yes","2240-2239","OB>OB"
"2239","Sp19","d02","New_Sp19_2239_d02_rep1","rep1","New_Sp19_2239_d02_rep2","rep2","d04","2239_d04","Contact","Obese","5.62E+02","2.749736316","320","36.52","yes","2239-2246","OB>LN"
"2239","Sp19","d02","New_Sp19_2239_d02_rep1","rep1","New_Sp19_2239_d02_rep2","rep2","d06","2239_d06","Index","Obese","1.78E+06","6.250420002","320","24.08","yes","2240-2239","OB>OB"
"2239","Sp19","d02","New_Sp19_2239_d02_rep1","rep1","New_Sp19_2239_d02_rep2","rep2","d10","2239_d10","Index","Obese","3.16E+02","2.499687083","320","29.9","yes","2239-2246","OB>LN"
"2239","Sp19","d02","New_Sp19_2239_d02_rep1","rep1","New_Sp19_2239_d02_rep2","rep2","d08","2239_d08","Index","Obese","5.62E+05","5.749736316","320","26.71","yes","2240-2239","OB>OB"
"2239","Sp19","d02","New_Sp19_2239_d02_rep1","rep1","New_Sp19_2239_d02_rep2","rep2","d04","2239_d04","Contact","Obese","5.62E+02","2.749736316","320","36.52","yes","2240-2239","OB>OB"
"2239","Sp19","d02","New_Sp19_2239_d02_rep1","rep1","New_Sp19_2239_d02_rep2","rep2","d10","2239_d10","Contact","Obese","3.16E+02","2.499687083","320","29.9","yes","2240-2239","OB>OB"
"2239","Sp19","d02","New_Sp19_2239_d02_rep1","rep1","New_Sp19_2239_d02_rep2","rep2","d08","2239_d08","Index","Obese","5.62E+05","5.749736316","320","26.71","yes","2239-2246","OB>LN"
"2239","Sp19","d04","New_Sp19_2239_d04_rep1","rep1","New_Sp19_2239_d04_rep2","rep2","d02","2239_d02","Contact","Obese","0","0","320","35.78","yes","2239-2246","OB>LN"
"2239","Sp19","d04","New_Sp19_2239_d04_rep1","rep1","New_Sp19_2239_d04_rep2","rep2","d04","2239_d04","Index","Obese","5.62E+02","2.749736316","320","36.52","yes","2239-2246","OB>LN"
"2239","Sp19","d04","New_Sp19_2239_d04_rep1","rep1","New_Sp19_2239_d04_rep2","rep2","d12","2239_d12","Index","Obese","0","0","320","38.67","yes","2239-2246","OB>LN"
"2239","Sp19","d04","New_Sp19_2239_d04_rep1","rep1","New_Sp19_2239_d04_rep2","rep2","d12","2239_d12","Contact","Obese","0","0","320","38.67","yes","2239-2246","OB>LN"
"2239","Sp19","d04","New_Sp19_2239_d04_rep1","rep1","New_Sp19_2239_d04_rep2","rep2","d12","2239_d12","Index","Obese","0","0","320","38.67","yes","2240-2239","OB>OB"
"2239","Sp19","d04","New_Sp19_2239_d04_rep1","rep1","New_Sp19_2239_d04_rep2","rep2","d02","2239_d02","Contact","Obese","0","0","320","35.78","yes","2240-2239","OB>OB"
"2239","Sp19","d04","New_Sp19_2239_d04_rep1","rep1","New_Sp19_2239_d04_rep2","rep2","d04","2239_d04","Index","Obese","5.62E+02","2.749736316","320","36.52","yes","2240-2239","OB>OB"
"2239","Sp19","d04","New_Sp19_2239_d04_rep1","rep1","New_Sp19_2239_d04_rep2","rep2","d10","2239_d10","Contact","Obese","3.16E+02","2.499687083","320","29.9","yes","2239-2246","OB>LN"
"2239","Sp19","d04","New_Sp19_2239_d04_rep1","rep1","New_Sp19_2239_d04_rep2","rep2","d02","2239_d02","Index","Obese","0","0","320","35.78","yes","2240-2239","OB>OB"
"2239","Sp19","d04","New_Sp19_2239_d04_rep1","rep1","New_Sp19_2239_d04_rep2","rep2","d12","2239_d12","Contact","Obese","0","0","320","38.67","yes","2240-2239","OB>OB"
"2239","Sp19","d04","New_Sp19_2239_d04_rep1","rep1","New_Sp19_2239_d04_rep2","rep2","d08","2239_d08","Contact","Obese","5.62E+05","5.749736316","320","26.71","yes","2240-2239","OB>OB"
"2239","Sp19","d04","New_Sp19_2239_d04_rep1","rep1","New_Sp19_2239_d04_rep2","rep2","d10","2239_d10","Index","Obese","3.16E+02","2.499687083","320","29.9","yes","2240-2239","OB>OB"
"2239","Sp19","d04","New_Sp19_2239_d04_rep1","rep1","New_Sp19_2239_d04_rep2","rep2","d06","2239_d06","Index","Obese","1.78E+06","6.250420002","320","24.08","yes","2239-2246","OB>LN"
"2239","Sp19","d04","New_Sp19_2239_d04_rep1","rep1","New_Sp19_2239_d04_rep2","rep2","d02","2239_d02","Index","Obese","0","0","320","35.78","yes","2239-2246","OB>LN"
"2239","Sp19","d04","New_Sp19_2239_d04_rep1","rep1","New_Sp19_2239_d04_rep2","rep2","d08","2239_d08","Contact","Obese","5.62E+05","5.749736316","320","26.71","yes","2239-2246","OB>LN"
"2239","Sp19","d04","New_Sp19_2239_d04_rep1","rep1","New_Sp19_2239_d04_rep2","rep2","d06","2239_d06","Contact","Obese","1.78E+06","6.250420002","320","24.08","yes","2239-2246","OB>LN"
"2239","Sp19","d04","New_Sp19_2239_d04_rep1","rep1","New_Sp19_2239_d04_rep2","rep2","d06","2239_d06","Contact","Obese","1.78E+06","6.250420002","320","24.08","yes","2240-2239","OB>OB"
"2239","Sp19","d04","New_Sp19_2239_d04_rep1","rep1","New_Sp19_2239_d04_rep2","rep2","d04","2239_d04","Contact","Obese","5.62E+02","2.749736316","320","36.52","yes","2239-2246","OB>LN"
"2239","Sp19","d04","New_Sp19_2239_d04_rep1","rep1","New_Sp19_2239_d04_rep2","rep2","d06","2239_d06","Index","Obese","1.78E+06","6.250420002","320","24.08","yes","2240-2239","OB>OB"
"2239","Sp19","d04","New_Sp19_2239_d04_rep1","rep1","New_Sp19_2239_d04_rep2","rep2","d10","2239_d10","Index","Obese","3.16E+02","2.499687083","320","29.9","yes","2239-2246","OB>LN"
"2239","Sp19","d04","New_Sp19_2239_d04_rep1","rep1","New_Sp19_2239_d04_rep2","rep2","d08","2239_d08","Index","Obese","5.62E+05","5.749736316","320","26.71","yes","2240-2239","OB>OB"
"2239","Sp19","d04","New_Sp19_2239_d04_rep1","rep1","New_Sp19_2239_d04_rep2","rep2","d04","2239_d04","Contact","Obese","5.62E+02","2.749736316","320","36.52","yes","2240-2239","OB>OB"
"2239","Sp19","d04","New_Sp19_2239_d04_rep1","rep1","New_Sp19_2239_d04_rep2","rep2","d10","2239_d10","Contact","Obese","3.16E+02","2.499687083","320","29.9","yes","2240-2239","OB>OB"
"2239","Sp19","d04","New_Sp19_2239_d04_rep1","rep1","New_Sp19_2239_d04_rep2","rep2","d08","2239_d08","Index","Obese","5.62E+05","5.749736316","320","26.71","yes","2239-2246","OB>LN"
"2239","Sp19","d06","New_Sp19_2239_d06_rep1","rep1","New_Sp19_2239_d06_rep2","rep2","d02","2239_d02","Contact","Obese","0","0","320","35.78","yes","2239-2246","OB>LN"
"2239","Sp19","d06","New_Sp19_2239_d06_rep1","rep1","New_Sp19_2239_d06_rep2","rep2","d04","2239_d04","Index","Obese","5.62E+02","2.749736316","320","36.52","yes","2239-2246","OB>LN"
"2239","Sp19","d06","New_Sp19_2239_d06_rep1","rep1","New_Sp19_2239_d06_rep2","rep2","d12","2239_d12","Index","Obese","0","0","320","38.67","yes","2239-2246","OB>LN"
"2239","Sp19","d06","New_Sp19_2239_d06_rep1","rep1","New_Sp19_2239_d06_rep2","rep2","d12","2239_d12","Contact","Obese","0","0","320","38.67","yes","2239-2246","OB>LN"
"2239","Sp19","d06","New_Sp19_2239_d06_rep1","rep1","New_Sp19_2239_d06_rep2","rep2","d12","2239_d12","Index","Obese","0","0","320","38.67","yes","2240-2239","OB>OB"
"2239","Sp19","d06","New_Sp19_2239_d06_rep1","rep1","New_Sp19_2239_d06_rep2","rep2","d02","2239_d02","Contact","Obese","0","0","320","35.78","yes","2240-2239","OB>OB"
"2239","Sp19","d06","New_Sp19_2239_d06_rep1","rep1","New_Sp19_2239_d06_rep2","rep2","d04","2239_d04","Index","Obese","5.62E+02","2.749736316","320","36.52","yes","2240-2239","OB>OB"
"2239","Sp19","d06","New_Sp19_2239_d06_rep1","rep1","New_Sp19_2239_d06_rep2","rep2","d10","2239_d10","Contact","Obese","3.16E+02","2.499687083","320","29.9","yes","2239-2246","OB>LN"
"2239","Sp19","d06","New_Sp19_2239_d06_rep1","rep1","New_Sp19_2239_d06_rep2","rep2","d02","2239_d02","Index","Obese","0","0","320","35.78","yes","2240-2239","OB>OB"
"2239","Sp19","d06","New_Sp19_2239_d06_rep1","rep1","New_Sp19_2239_d06_rep2","rep2","d12","2239_d12","Contact","Obese","0","0","320","38.67","yes","2240-2239","OB>OB"
"2239","Sp19","d06","New_Sp19_2239_d06_rep1","rep1","New_Sp19_2239_d06_rep2","rep2","d08","2239_d08","Contact","Obese","5.62E+05","5.749736316","320","26.71","yes","2240-2239","OB>OB"
"2239","Sp19","d06","New_Sp19_2239_d06_rep1","rep1","New_Sp19_2239_d06_rep2","rep2","d10","2239_d10","Index","Obese","3.16E+02","2.499687083","320","29.9","yes","2240-2239","OB>OB"
"2239","Sp19","d06","New_Sp19_2239_d06_rep1","rep1","New_Sp19_2239_d06_rep2","rep2","d06","2239_d06","Index","Obese","1.78E+06","6.250420002","320","24.08","yes","2239-2246","OB>LN"
"2239","Sp19","d06","New_Sp19_2239_d06_rep1","rep1","New_Sp19_2239_d06_rep2","rep2","d02","2239_d02","Index","Obese","0","0","320","35.78","yes","2239-2246","OB>LN"
"2239","Sp19","d06","New_Sp19_2239_d06_rep1","rep1","New_Sp19_2239_d06_rep2","rep2","d08","2239_d08","Contact","Obese","5.62E+05","5.749736316","320","26.71","yes","2239-2246","OB>LN"
"2239","Sp19","d06","New_Sp19_2239_d06_rep1","rep1","New_Sp19_2239_d06_rep2","rep2","d06","2239_d06","Contact","Obese","1.78E+06","6.250420002","320","24.08","yes","2239-2246","OB>LN"
"2239","Sp19","d06","New_Sp19_2239_d06_rep1","rep1","New_Sp19_2239_d06_rep2","rep2","d06","2239_d06","Contact","Obese","1.78E+06","6.250420002","320","24.08","yes","2240-2239","OB>OB"
"2239","Sp19","d06","New_Sp19_2239_d06_rep1","rep1","New_Sp19_2239_d06_rep2","rep2","d04","2239_d04","Contact","Obese","5.62E+02","2.749736316","320","36.52","yes","2239-2246","OB>LN"
"2239","Sp19","d06","New_Sp19_2239_d06_rep1","rep1","New_Sp19_2239_d06_rep2","rep2","d06","2239_d06","Index","Obese","1.78E+06","6.250420002","320","24.08","yes","2240-2239","OB>OB"
"2239","Sp19","d06","New_Sp19_2239_d06_rep1","rep1","New_Sp19_2239_d06_rep2","rep2","d10","2239_d10","Index","Obese","3.16E+02","2.499687083","320","29.9","yes","2239-2246","OB>LN"
"2239","Sp19","d06","New_Sp19_2239_d06_rep1","rep1","New_Sp19_2239_d06_rep2","rep2","d08","2239_d08","Index","Obese","5.62E+05","5.749736316","320","26.71","yes","2240-2239","OB>OB"
"2239","Sp19","d06","New_Sp19_2239_d06_rep1","rep1","New_Sp19_2239_d06_rep2","rep2","d04","2239_d04","Contact","Obese","5.62E+02","2.749736316","320","36.52","yes","2240-2239","OB>OB"
"2239","Sp19","d06","New_Sp19_2239_d06_rep1","rep1","New_Sp19_2239_d06_rep2","rep2","d10","2239_d10","Contact","Obese","3.16E+02","2.499687083","320","29.9","yes","2240-2239","OB>OB"
"2239","Sp19","d06","New_Sp19_2239_d06_rep1","rep1","New_Sp19_2239_d06_rep2","rep2","d08","2239_d08","Index","Obese","5.62E+05","5.749736316","320","26.71","yes","2239-2246","OB>LN"
"2239","Sp19","d08","New_Sp19_2239_d08_rep1","rep1","New_Sp19_2239_d08_rep2","rep2","d02","2239_d02","Contact","Obese","0","0","320","35.78","yes","2239-2246","OB>LN"
"2239","Sp19","d08","New_Sp19_2239_d08_rep1","rep1","New_Sp19_2239_d08_rep2","rep2","d04","2239_d04","Index","Obese","5.62E+02","2.749736316","320","36.52","yes","2239-2246","OB>LN"
"2239","Sp19","d08","New_Sp19_2239_d08_rep1","rep1","New_Sp19_2239_d08_rep2","rep2","d12","2239_d12","Index","Obese","0","0","320","38.67","yes","2239-2246","OB>LN"
"2239","Sp19","d08","New_Sp19_2239_d08_rep1","rep1","New_Sp19_2239_d08_rep2","rep2","d12","2239_d12","Contact","Obese","0","0","320","38.67","yes","2239-2246","OB>LN"
"2239","Sp19","d08","New_Sp19_2239_d08_rep1","rep1","New_Sp19_2239_d08_rep2","rep2","d12","2239_d12","Index","Obese","0","0","320","38.67","yes","2240-2239","OB>OB"
"2239","Sp19","d08","New_Sp19_2239_d08_rep1","rep1","New_Sp19_2239_d08_rep2","rep2","d02","2239_d02","Contact","Obese","0","0","320","35.78","yes","2240-2239","OB>OB"
"2239","Sp19","d08","New_Sp19_2239_d08_rep1","rep1","New_Sp19_2239_d08_rep2","rep2","d04","2239_d04","Index","Obese","5.62E+02","2.749736316","320","36.52","yes","2240-2239","OB>OB"
"2239","Sp19","d08","New_Sp19_2239_d08_rep1","rep1","New_Sp19_2239_d08_rep2","rep2","d10","2239_d10","Contact","Obese","3.16E+02","2.499687083","320","29.9","yes","2239-2246","OB>LN"
"2239","Sp19","d08","New_Sp19_2239_d08_rep1","rep1","New_Sp19_2239_d08_rep2","rep2","d02","2239_d02","Index","Obese","0","0","320","35.78","yes","2240-2239","OB>OB"
"2239","Sp19","d08","New_Sp19_2239_d08_rep1","rep1","New_Sp19_2239_d08_rep2","rep2","d12","2239_d12","Contact","Obese","0","0","320","38.67","yes","2240-2239","OB>OB"
"2239","Sp19","d08","New_Sp19_2239_d08_rep1","rep1","New_Sp19_2239_d08_rep2","rep2","d08","2239_d08","Contact","Obese","5.62E+05","5.749736316","320","26.71","yes","2240-2239","OB>OB"
"2239","Sp19","d08","New_Sp19_2239_d08_rep1","rep1","New_Sp19_2239_d08_rep2","rep2","d10","2239_d10","Index","Obese","3.16E+02","2.499687083","320","29.9","yes","2240-2239","OB>OB"
"2239","Sp19","d08","New_Sp19_2239_d08_rep1","rep1","New_Sp19_2239_d08_rep2","rep2","d06","2239_d06","Index","Obese","1.78E+06","6.250420002","320","24.08","yes","2239-2246","OB>LN"
"2239","Sp19","d08","New_Sp19_2239_d08_rep1","rep1","New_Sp19_2239_d08_rep2","rep2","d02","2239_d02","Index","Obese","0","0","320","35.78","yes","2239-2246","OB>LN"
"2239","Sp19","d08","New_Sp19_2239_d08_rep1","rep1","New_Sp19_2239_d08_rep2","rep2","d08","2239_d08","Contact","Obese","5.62E+05","5.749736316","320","26.71","yes","2239-2246","OB>LN"
"2239","Sp19","d08","New_Sp19_2239_d08_rep1","rep1","New_Sp19_2239_d08_rep2","rep2","d06","2239_d06","Contact","Obese","1.78E+06","6.250420002","320","24.08","yes","2239-2246","OB>LN"
"2239","Sp19","d08","New_Sp19_2239_d08_rep1","rep1","New_Sp19_2239_d08_rep2","rep2","d06","2239_d06","Contact","Obese","1.78E+06","6.250420002","320","24.08","yes","2240-2239","OB>OB"
"2239","Sp19","d08","New_Sp19_2239_d08_rep1","rep1","New_Sp19_2239_d08_rep2","rep2","d04","2239_d04","Contact","Obese","5.62E+02","2.749736316","320","36.52","yes","2239-2246","OB>LN"
"2239","Sp19","d08","New_Sp19_2239_d08_rep1","rep1","New_Sp19_2239_d08_rep2","rep2","d06","2239_d06","Index","Obese","1.78E+06","6.250420002","320","24.08","yes","2240-2239","OB>OB"
"2239","Sp19","d08","New_Sp19_2239_d08_rep1","rep1","New_Sp19_2239_d08_rep2","rep2","d10","2239_d10","Index","Obese","3.16E+02","2.499687083","320","29.9","yes","2239-2246","OB>LN"
"2239","Sp19","d08","New_Sp19_2239_d08_rep1","rep1","New_Sp19_2239_d08_rep2","rep2","d08","2239_d08","Index","Obese","5.62E+05","5.749736316","320","26.71","yes","2240-2239","OB>OB"
"2239","Sp19","d08","New_Sp19_2239_d08_rep1","rep1","New_Sp19_2239_d08_rep2","rep2","d04","2239_d04","Contact","Obese","5.62E+02","2.749736316","320","36.52","yes","2240-2239","OB>OB"
"2239","Sp19","d08","New_Sp19_2239_d08_rep1","rep1","New_Sp19_2239_d08_rep2","rep2","d10","2239_d10","Contact","Obese","3.16E+02","2.499687083","320","29.9","yes","2240-2239","OB>OB"
"2239","Sp19","d08","New_Sp19_2239_d08_rep1","rep1","New_Sp19_2239_d08_rep2","rep2","d08","2239_d08","Index","Obese","5.62E+05","5.749736316","320","26.71","yes","2239-2246","OB>LN"
"2239","Sp19","d10","New_Sp19_2239_d10_rep1","rep1","New_Sp19_2239_d10_rep2","rep2","d02","2239_d02","Contact","Obese","0","0","320","35.78","yes","2239-2246","OB>LN"
"2239","Sp19","d10","New_Sp19_2239_d10_rep1","rep1","New_Sp19_2239_d10_rep2","rep2","d04","2239_d04","Index","Obese","5.62E+02","2.749736316","320","36.52","yes","2239-2246","OB>LN"
"2239","Sp19","d10","New_Sp19_2239_d10_rep1","rep1","New_Sp19_2239_d10_rep2","rep2","d12","2239_d12","Index","Obese","0","0","320","38.67","yes","2239-2246","OB>LN"
"2239","Sp19","d10","New_Sp19_2239_d10_rep1","rep1","New_Sp19_2239_d10_rep2","rep2","d12","2239_d12","Contact","Obese","0","0","320","38.67","yes","2239-2246","OB>LN"
"2239","Sp19","d10","New_Sp19_2239_d10_rep1","rep1","New_Sp19_2239_d10_rep2","rep2","d12","2239_d12","Index","Obese","0","0","320","38.67","yes","2240-2239","OB>OB"
"2239","Sp19","d10","New_Sp19_2239_d10_rep1","rep1","New_Sp19_2239_d10_rep2","rep2","d02","2239_d02","Contact","Obese","0","0","320","35.78","yes","2240-2239","OB>OB"
"2239","Sp19","d10","New_Sp19_2239_d10_rep1","rep1","New_Sp19_2239_d10_rep2","rep2","d04","2239_d04","Index","Obese","5.62E+02","2.749736316","320","36.52","yes","2240-2239","OB>OB"
"2239","Sp19","d10","New_Sp19_2239_d10_rep1","rep1","New_Sp19_2239_d10_rep2","rep2","d10","2239_d10","Contact","Obese","3.16E+02","2.499687083","320","29.9","yes","2239-2246","OB>LN"
"2239","Sp19","d10","New_Sp19_2239_d10_rep1","rep1","New_Sp19_2239_d10_rep2","rep2","d02","2239_d02","Index","Obese","0","0","320","35.78","yes","2240-2239","OB>OB"
"2239","Sp19","d10","New_Sp19_2239_d10_rep1","rep1","New_Sp19_2239_d10_rep2","rep2","d12","2239_d12","Contact","Obese","0","0","320","38.67","yes","2240-2239","OB>OB"
"2239","Sp19","d10","New_Sp19_2239_d10_rep1","rep1","New_Sp19_2239_d10_rep2","rep2","d08","2239_d08","Contact","Obese","5.62E+05","5.749736316","320","26.71","yes","2240-2239","OB>OB"
"2239","Sp19","d10","New_Sp19_2239_d10_rep1","rep1","New_Sp19_2239_d10_rep2","rep2","d10","2239_d10","Index","Obese","3.16E+02","2.499687083","320","29.9","yes","2240-2239","OB>OB"
"2239","Sp19","d10","New_Sp19_2239_d10_rep1","rep1","New_Sp19_2239_d10_rep2","rep2","d06","2239_d06","Index","Obese","1.78E+06","6.250420002","320","24.08","yes","2239-2246","OB>LN"
"2239","Sp19","d10","New_Sp19_2239_d10_rep1","rep1","New_Sp19_2239_d10_rep2","rep2","d02","2239_d02","Index","Obese","0","0","320","35.78","yes","2239-2246","OB>LN"
"2239","Sp19","d10","New_Sp19_2239_d10_rep1","rep1","New_Sp19_2239_d10_rep2","rep2","d08","2239_d08","Contact","Obese","5.62E+05","5.749736316","320","26.71","yes","2239-2246","OB>LN"
"2239","Sp19","d10","New_Sp19_2239_d10_rep1","rep1","New_Sp19_2239_d10_rep2","rep2","d06","2239_d06","Contact","Obese","1.78E+06","6.250420002","320","24.08","yes","2239-2246","OB>LN"
"2239","Sp19","d10","New_Sp19_2239_d10_rep1","rep1","New_Sp19_2239_d10_rep2","rep2","d06","2239_d06","Contact","Obese","1.78E+06","6.250420002","320","24.08","yes","2240-2239","OB>OB"
"2239","Sp19","d10","New_Sp19_2239_d10_rep1","rep1","New_Sp19_2239_d10_rep2","rep2","d04","2239_d04","Contact","Obese","5.62E+02","2.749736316","320","36.52","yes","2239-2246","OB>LN"
"2239","Sp19","d10","New_Sp19_2239_d10_rep1","rep1","New_Sp19_2239_d10_rep2","rep2","d06","2239_d06","Index","Obese","1.78E+06","6.250420002","320","24.08","yes","2240-2239","OB>OB"
"2239","Sp19","d10","New_Sp19_2239_d10_rep1","rep1","New_Sp19_2239_d10_rep2","rep2","d10","2239_d10","Index","Obese","3.16E+02","2.499687083","320","29.9","yes","2239-2246","OB>LN"
"2239","Sp19","d10","New_Sp19_2239_d10_rep1","rep1","New_Sp19_2239_d10_rep2","rep2","d08","2239_d08","Index","Obese","5.62E+05","5.749736316","320","26.71","yes","2240-2239","OB>OB"
"2239","Sp19","d10","New_Sp19_2239_d10_rep1","rep1","New_Sp19_2239_d10_rep2","rep2","d04","2239_d04","Contact","Obese","5.62E+02","2.749736316","320","36.52","yes","2240-2239","OB>OB"
"2239","Sp19","d10","New_Sp19_2239_d10_rep1","rep1","New_Sp19_2239_d10_rep2","rep2","d10","2239_d10","Contact","Obese","3.16E+02","2.499687083","320","29.9","yes","2240-2239","OB>OB"
"2239","Sp19","d10","New_Sp19_2239_d10_rep1","rep1","New_Sp19_2239_d10_rep2","rep2","d08","2239_d08","Index","Obese","5.62E+05","5.749736316","320","26.71","yes","2239-2246","OB>LN"
"2240","Sp19","d04","New_Sp19_2240_d04_rep1","rep1","New_Sp19_2240_d04_rep2","rep2","d02","2240_d02","Index","Obese","3.16E+06","6.499687083","sacrificed","24.07","yes","2240-2239","OB>OB"
"2240","Sp19","d04","New_Sp19_2240_d04_rep1","rep1","New_Sp19_2240_d04_rep2","rep2","d04","2240_d04","Index","Obese","3.16E+05","5.499687083","sacrificed","25.16","yes","2240-2239","OB>OB"
"2243","Sp19","d04","New_Sp19_2243_d04_rep1","rep1","New_Sp19_2243_d04_rep2","rep2","d06","2243_d06","Contact","Lean","3.16E+05","5.499687083","640","24.96","yes","2235-2243","OB>LN"
"2243","Sp19","d04","New_Sp19_2243_d04_rep1","rep1","New_Sp19_2243_d04_rep2","rep2","d08","2243_d08","Contact","Lean","1.78E+07","7.250420002","640","24.02","yes","2235-2243","OB>LN"
"2243","Sp19","d04","New_Sp19_2243_d04_rep1","rep1","New_Sp19_2243_d04_rep2","rep2","d10","2243_d10","Contact","Lean","0","0","640","38.95","yes","2235-2243","OB>LN"
"2243","Sp19","d04","New_Sp19_2243_d04_rep1","rep1","New_Sp19_2243_d04_rep2","rep2","d12","2243_d12","Contact","Lean","0","0","640","35.23","yes","2235-2243","OB>LN"
"2243","Sp19","d04","New_Sp19_2243_d04_rep1","rep1","New_Sp19_2243_d04_rep2","rep2","d02","2243_d02","Contact","Lean","0","0","640","37.41","yes","2235-2243","OB>LN"
"2243","Sp19","d04","New_Sp19_2243_d04_rep1","rep1","New_Sp19_2243_d04_rep2","rep2","d04","2243_d04","Contact","Lean","1.78E+06","6.250420002","640","27.65","yes","2235-2243","OB>LN"
"2243","Sp19","d06","New_Sp19_2243_d06_rep1","rep1","New_Sp19_2243_d06_rep2","rep2","d06","2243_d06","Contact","Lean","3.16E+05","5.499687083","640","24.96","yes","2235-2243","OB>LN"
"2243","Sp19","d06","New_Sp19_2243_d06_rep1","rep1","New_Sp19_2243_d06_rep2","rep2","d08","2243_d08","Contact","Lean","1.78E+07","7.250420002","640","24.02","yes","2235-2243","OB>LN"
"2243","Sp19","d06","New_Sp19_2243_d06_rep1","rep1","New_Sp19_2243_d06_rep2","rep2","d10","2243_d10","Contact","Lean","0","0","640","38.95","yes","2235-2243","OB>LN"
"2243","Sp19","d06","New_Sp19_2243_d06_rep1","rep1","New_Sp19_2243_d06_rep2","rep2","d12","2243_d12","Contact","Lean","0","0","640","35.23","yes","2235-2243","OB>LN"
"2243","Sp19","d06","New_Sp19_2243_d06_rep1","rep1","New_Sp19_2243_d06_rep2","rep2","d02","2243_d02","Contact","Lean","0","0","640","37.41","yes","2235-2243","OB>LN"
"2243","Sp19","d06","New_Sp19_2243_d06_rep1","rep1","New_Sp19_2243_d06_rep2","rep2","d04","2243_d04","Contact","Lean","1.78E+06","6.250420002","640","27.65","yes","2235-2243","OB>LN"
"2243","Sp19","d08","New_Sp19_2243_d08_rep1","rep1","New_Sp19_2243_d08_rep2","rep2","d06","2243_d06","Contact","Lean","3.16E+05","5.499687083","640","24.96","yes","2235-2243","OB>LN"
"2243","Sp19","d08","New_Sp19_2243_d08_rep1","rep1","New_Sp19_2243_d08_rep2","rep2","d08","2243_d08","Contact","Lean","1.78E+07","7.250420002","640","24.02","yes","2235-2243","OB>LN"
"2243","Sp19","d08","New_Sp19_2243_d08_rep1","rep1","New_Sp19_2243_d08_rep2","rep2","d10","2243_d10","Contact","Lean","0","0","640","38.95","yes","2235-2243","OB>LN"
"2243","Sp19","d08","New_Sp19_2243_d08_rep1","rep1","New_Sp19_2243_d08_rep2","rep2","d12","2243_d12","Contact","Lean","0","0","640","35.23","yes","2235-2243","OB>LN"
"2243","Sp19","d08","New_Sp19_2243_d08_rep1","rep1","New_Sp19_2243_d08_rep2","rep2","d02","2243_d02","Contact","Lean","0","0","640","37.41","yes","2235-2243","OB>LN"
"2243","Sp19","d08","New_Sp19_2243_d08_rep1","rep1","New_Sp19_2243_d08_rep2","rep2","d04","2243_d04","Contact","Lean","1.78E+06","6.250420002","640","27.65","yes","2235-2243","OB>LN"
"2244","Sp19",NA,NA,NA,NA,NA,"d10","2244_d10","Contact","Lean","0","0","0","ND","yes","2232-2244","OB>LN"
"2244","Sp19",NA,NA,NA,NA,NA,"d12","2244_d12","Contact","Lean","0","0","0","ND","yes","2232-2244","OB>LN"
"2244","Sp19",NA,NA,NA,NA,NA,"d06","2244_d06","Contact","Lean","0","0","0","ND","yes","2232-2244","OB>LN"
"2244","Sp19",NA,NA,NA,NA,NA,"d04","2244_d04","Contact","Lean","3.16E+02","2.499687083","0","ND","yes","2232-2244","OB>LN"
"2244","Sp19",NA,NA,NA,NA,NA,"d02","2244_d02","Contact","Lean","0","0","0","ND","yes","2232-2244","OB>LN"
"2244","Sp19",NA,NA,NA,NA,NA,"d08","2244_d08","Contact","Lean","0","0","0","40","yes","2232-2244","OB>LN"
"2251","Sp19","d04","New_Sp19_2251_d04_rep1","rep1","New_Sp19_2251_d04_rep2","rep2","d06","2251_d06","Index","Lean","5.62E+04","4.749736316","320","25.82","yes","2251-2241","LN>OB"
"2251","Sp19","d04","New_Sp19_2251_d04_rep1","rep1","New_Sp19_2251_d04_rep2","rep2","d04","2251_d04","Index","Lean","1.78E+05","5.250420002","320","26.31","yes","2251-2241","LN>OB"
"2251","Sp19","d04","New_Sp19_2251_d04_rep1","rep1","New_Sp19_2251_d04_rep2","rep2","d08","2251_d08","Index","Lean","0","0","320","30.97","yes","2251-2241","LN>OB"
"2251","Sp19","d04","New_Sp19_2251_d04_rep1","rep1","New_Sp19_2251_d04_rep2","rep2","d10","2251_d10","Index","Lean","0","0","320","34.07","yes","2251-2241","LN>OB"
"2251","Sp19","d04","New_Sp19_2251_d04_rep1","rep1","New_Sp19_2251_d04_rep2","rep2","d12","2251_d12","Index","Lean","0","0","320","ND","yes","2251-2241","LN>OB"
"2251","Sp19","d06","New_Sp19_2251_d06_rep1","rep1","New_Sp19_2251_d06_rep2","rep2","d06","2251_d06","Index","Lean","5.62E+04","4.749736316","320","25.82","yes","2251-2241","LN>OB"
"2251","Sp19","d06","New_Sp19_2251_d06_rep1","rep1","New_Sp19_2251_d06_rep2","rep2","d04","2251_d04","Index","Lean","1.78E+05","5.250420002","320","26.31","yes","2251-2241","LN>OB"
"2251","Sp19","d06","New_Sp19_2251_d06_rep1","rep1","New_Sp19_2251_d06_rep2","rep2","d08","2251_d08","Index","Lean","0","0","320","30.97","yes","2251-2241","LN>OB"
"2251","Sp19","d06","New_Sp19_2251_d06_rep1","rep1","New_Sp19_2251_d06_rep2","rep2","d10","2251_d10","Index","Lean","0","0","320","34.07","yes","2251-2241","LN>OB"
"2251","Sp19","d06","New_Sp19_2251_d06_rep1","rep1","New_Sp19_2251_d06_rep2","rep2","d12","2251_d12","Index","Lean","0","0","320","ND","yes","2251-2241","LN>OB"
"2253","Sp19","d04","New_Sp19_2253_d04_rep1","rep1","New_Sp19_2253_d04_rep2","rep2","d04","2253_d04","Index","Lean","1.78E+05","5.250420002","640","23.96","yes","2253-2231","LN>OB"
"2253","Sp19","d04","New_Sp19_2253_d04_rep1","rep1","New_Sp19_2253_d04_rep2","rep2","d10","2253_d10","Index","Lean","0","0","640","36.2","yes","2253-2231","LN>OB"
"2253","Sp19","d04","New_Sp19_2253_d04_rep1","rep1","New_Sp19_2253_d04_rep2","rep2","d12","2253_d12","Index","Lean","0","0","640","ND","yes","2253-2231","LN>OB"
"2253","Sp19","d04","New_Sp19_2253_d04_rep1","rep1","New_Sp19_2253_d04_rep2","rep2","d08","2253_d08","Index","Lean","0","0","640","32.8","yes","2253-2231","LN>OB"
"2253","Sp19","d08","New_Sp19_2253_d08_rep1","rep1","New_Sp19_2253_d08_rep2","rep2","d04","2253_d04","Index","Lean","1.78E+05","5.250420002","640","23.96","yes","2253-2231","LN>OB"
"2253","Sp19","d08","New_Sp19_2253_d08_rep1","rep1","New_Sp19_2253_d08_rep2","rep2","d10","2253_d10","Index","Lean","0","0","640","36.2","yes","2253-2231","LN>OB"
"2253","Sp19","d08","New_Sp19_2253_d08_rep1","rep1","New_Sp19_2253_d08_rep2","rep2","d12","2253_d12","Index","Lean","0","0","640","ND","yes","2253-2231","LN>OB"
"2253","Sp19","d08","New_Sp19_2253_d08_rep1","rep1","New_Sp19_2253_d08_rep2","rep2","d08","2253_d08","Index","Lean","0","0","640","32.8","yes","2253-2231","LN>OB"
"2254","Sp19","d02","New_Sp19_2254_d02_rep1","rep1","New_Sp19_2254_d02_rep2","rep2","d08","2254_d08","Index","Lean","1.78E+02","2.250420002","320","30.36","yes","2254-2238","LN>OB"
"2254","Sp19","d02","New_Sp19_2254_d02_rep1","rep1","New_Sp19_2254_d02_rep2","rep2","d12","2254_d12","Index","Lean","0","0","320","38.45","yes","2254-2238","LN>OB"
"2254","Sp19","d02","New_Sp19_2254_d02_rep1","rep1","New_Sp19_2254_d02_rep2","rep2","d02","2254_d02","Index","Lean","1.00E+07","7","320","21.5","yes","2254-2238","LN>OB"
"2254","Sp19","d02","New_Sp19_2254_d02_rep1","rep1","New_Sp19_2254_d02_rep2","rep2","d06","2254_d06","Index","Lean","3.16E+06","6.499687083","320","22.65","yes","2254-2238","LN>OB"
"2254","Sp19","d02","New_Sp19_2254_d02_rep1","rep1","New_Sp19_2254_d02_rep2","rep2","d10","2254_d10","Index","Lean","0","0","320","33.4","yes","2254-2238","LN>OB"
"2254","Sp19","d02","New_Sp19_2254_d02_rep1","rep1","New_Sp19_2254_d02_rep2","rep2","d04","2254_d04","Index","Lean","3.16E+06","6.499687083","320","24.66","yes","2254-2238","LN>OB"
"2254","Sp19","d04","New_Sp19_2254_d04_rep1","rep1","New_Sp19_2254_d04_rep2","rep2","d08","2254_d08","Index","Lean","1.78E+02","2.250420002","320","30.36","yes","2254-2238","LN>OB"
"2254","Sp19","d04","New_Sp19_2254_d04_rep1","rep1","New_Sp19_2254_d04_rep2","rep2","d12","2254_d12","Index","Lean","0","0","320","38.45","yes","2254-2238","LN>OB"
"2254","Sp19","d04","New_Sp19_2254_d04_rep1","rep1","New_Sp19_2254_d04_rep2","rep2","d02","2254_d02","Index","Lean","1.00E+07","7","320","21.5","yes","2254-2238","LN>OB"
"2254","Sp19","d04","New_Sp19_2254_d04_rep1","rep1","New_Sp19_2254_d04_rep2","rep2","d06","2254_d06","Index","Lean","3.16E+06","6.499687083","320","22.65","yes","2254-2238","LN>OB"
"2254","Sp19","d04","New_Sp19_2254_d04_rep1","rep1","New_Sp19_2254_d04_rep2","rep2","d10","2254_d10","Index","Lean","0","0","320","33.4","yes","2254-2238","LN>OB"
"2254","Sp19","d04","New_Sp19_2254_d04_rep1","rep1","New_Sp19_2254_d04_rep2","rep2","d04","2254_d04","Index","Lean","3.16E+06","6.499687083","320","24.66","yes","2254-2238","LN>OB"
"2254","Sp19","d06","New_Sp19_2254_d06_rep1","rep1","New_Sp19_2254_d06_rep2","rep2","d08","2254_d08","Index","Lean","1.78E+02","2.250420002","320","30.36","yes","2254-2238","LN>OB"
"2254","Sp19","d06","New_Sp19_2254_d06_rep1","rep1","New_Sp19_2254_d06_rep2","rep2","d12","2254_d12","Index","Lean","0","0","320","38.45","yes","2254-2238","LN>OB"
"2254","Sp19","d06","New_Sp19_2254_d06_rep1","rep1","New_Sp19_2254_d06_rep2","rep2","d02","2254_d02","Index","Lean","1.00E+07","7","320","21.5","yes","2254-2238","LN>OB"
"2254","Sp19","d06","New_Sp19_2254_d06_rep1","rep1","New_Sp19_2254_d06_rep2","rep2","d06","2254_d06","Index","Lean","3.16E+06","6.499687083","320","22.65","yes","2254-2238","LN>OB"
"2254","Sp19","d06","New_Sp19_2254_d06_rep1","rep1","New_Sp19_2254_d06_rep2","rep2","d10","2254_d10","Index","Lean","0","0","320","33.4","yes","2254-2238","LN>OB"
"2254","Sp19","d06","New_Sp19_2254_d06_rep1","rep1","New_Sp19_2254_d06_rep2","rep2","d04","2254_d04","Index","Lean","3.16E+06","6.499687083","320","24.66","yes","2254-2238","LN>OB"
"2254","Sp19","d08","New_Sp19_2254_d08_rep1","rep1","New_Sp19_2254_d08_rep2","rep2","d08","2254_d08","Index","Lean","1.78E+02","2.250420002","320","30.36","yes","2254-2238","LN>OB"
"2254","Sp19","d08","New_Sp19_2254_d08_rep1","rep1","New_Sp19_2254_d08_rep2","rep2","d12","2254_d12","Index","Lean","0","0","320","38.45","yes","2254-2238","LN>OB"
"2254","Sp19","d08","New_Sp19_2254_d08_rep1","rep1","New_Sp19_2254_d08_rep2","rep2","d02","2254_d02","Index","Lean","1.00E+07","7","320","21.5","yes","2254-2238","LN>OB"
"2254","Sp19","d08","New_Sp19_2254_d08_rep1","rep1","New_Sp19_2254_d08_rep2","rep2","d06","2254_d06","Index","Lean","3.16E+06","6.499687083","320","22.65","yes","2254-2238","LN>OB"
"2254","Sp19","d08","New_Sp19_2254_d08_rep1","rep1","New_Sp19_2254_d08_rep2","rep2","d10","2254_d10","Index","Lean","0","0","320","33.4","yes","2254-2238","LN>OB"
"2254","Sp19","d08","New_Sp19_2254_d08_rep1","rep1","New_Sp19_2254_d08_rep2","rep2","d04","2254_d04","Index","Lean","3.16E+06","6.499687083","320","24.66","yes","2254-2238","LN>OB"
"2867","Sp20",NA,NA,NA,NA,NA,"d04","2867_d04","Index","Obese","3.14E+04","4.496929648","640","ND","yes","2867-2869","OB>OB"
"2867","Sp20",NA,NA,NA,NA,NA,"d06","2867_d06","Index","Obese","3.16E+05","5.499687083","640","ND","yes","2867-2869","OB>OB"
"2867","Sp20",NA,NA,NA,NA,NA,"d12","2867_d12","Index","Obese","0","0","640","ND","yes","2867-2869","OB>OB"
"2867","Sp20",NA,NA,NA,NA,NA,"d02","2867_d02","Index","Obese","1.78E+06","6.250420002","640","ND","yes","2867-2869","OB>OB"
"2867","Sp20",NA,NA,NA,NA,NA,"d08","2867_d08","Index","Obese","0","0","640","ND","yes","2867-2869","OB>OB"
"2867","Sp20",NA,NA,NA,NA,NA,"d10","2867_d10","Index","Obese","0","0","640","ND","yes","2867-2869","OB>OB"
"2868","Sp20",NA,NA,NA,NA,NA,"d08","2868_d08","Index","Obese","0","0","320","ND","yes","2868-2870","OB>OB"
"2868","Sp20",NA,NA,NA,NA,NA,"d06","2868_d06","Index","Obese","5.62E+04","4.749736316","320","40.82","yes","2868-2870","OB>OB"
"2868","Sp20",NA,NA,NA,NA,NA,"d02","2868_d02","Index","Obese","5.62E+06","6.749736316","320","39.64","yes","2868-2870","OB>OB"
"2868","Sp20",NA,NA,NA,NA,NA,"d04","2868_d04","Index","Obese","1.78E+06","6.250420002","320","ND","yes","2868-2870","OB>OB"
"2868","Sp20",NA,NA,NA,NA,NA,"d10","2868_d10","Index","Obese","0","0","320","33.44","yes","2868-2870","OB>OB"
"2868","Sp20",NA,NA,NA,NA,NA,"d12","2868_d12","Index","Obese","0","0","320","ND","yes","2868-2870","OB>OB"
"HK1073","F17","stock","ReSeq_F17_HK1073_rep1","rep1","ReSeq_F17_HK1073_rep2","rep2","Stock","F17_HK1073","Control","Control","NA","NA","NA","ND","yes",NA,NA
"HK1073","Sm18","stock","ReSeq_Sm18_HK1073_rep1","rep1","ReSeq_Sm18_HK1073_rep2","rep2","Stock","Sm18_HK1073","Control","Control","NA","NA","NA","ND","yes",NA,NA
"HK1073","Sp19","stock","ReSeq_Sp19_HK1073_rep1","rep1","ReSeq_Sp19_HK1073_rep2","rep2","Stock","Sp19_HK1073","Control","Control","NA","NA","NA","ND","yes",NA,NA
"HK1073","Sp20","stock","ReSeq_Sp20_HK1073_rep1","rep1","ReSeq_Sp20_HK1073_rep2","rep2","Stock","Sp20_HK1073","Control","Control","NA","NA","NA","ND","yes",NA,NA
"HK1073","W17","stock","ReSeq_W17_HK1073_rep1","rep1","ReSeq_W17_HK1073_rep2","rep2","Stock","W17_HK1073","Control","Control","NA","NA","NA","ND","yes",NA,NA
