Diet,Role,Ferret ID,Timepoint,M gene Ct,Good Gel
OB,Direct,1794,10dpi,34.27,FALSE
OB,Direct,1794,12dpi,N/A,FALSE
OB,Index,1787,8dpi,33.14,FALSE
OB,Index,1787,10dpi,N/A,FALSE
OB,Index,1787,12dpi,N/A,FALSE
OB,Index,1789,2dpi,23.21,TRUE
OB,Index,1789,4dpi,27.76,TRUE
OB,Index,1789,10dpi,40.42,FALSE
OB,Index,1789,12dpi,40.04,FALSE
OB,Direct,1794,2dpi,36.32,FALSE
OB,Direct,1794,4dpi,38.76,FALSE
OB,Direct,1794,6dpi,24.1,TRUE
OB,Direct,1794,8dpi,23.26,TRUE
LN,Direct,1797,2dpi,38.4,FALSE
LN,Direct,1797,8dpi,25.45,TRUE
LN,Direct,1797,4dpi,31.46,TRUE
LN,Direct,1797,6dpi,22.55,TRUE
LN,Index,1800,2dpi,22.37,TRUE
LN,Index,1800,4dpi,26.32,TRUE
LN,Index,1800,6dpi,23.39,TRUE
LN,Index,1800,8dpi,33.22,FALSE
LN,Index,1800,10dpi,36.62,FALSE
LN,Index,1800,12dpi,N/A,FALSE
LN,Index,1801,2dpi,24.09,TRUE
LN,Index,1801,4dpi,25.17,TRUE
LN,Index,1801,6dpi,26.16,FALSE
LN,Index,1801,8dpi,37.31,FALSE
LN,Index,1801,12dpi,38.99,FALSE
OB,Index,1910,2dpi,29.34,FALSE
OB,Index,1910,6dpi,29.19,FALSE
OB,Index,1910,12dpi,37.9,FALSE
OB,Index,1912,2dpi,22.48,TRUE
OB,Index,1912,4dpi,26.96,TRUE
OB,Index,1912,6dpi,27.24,TRUE
OB,Index,1912,8dpi,28.46,FALSE
OB,Index,1912,10dpi,30.8,FALSE
OB,Index,1912,12dpi,N/A,FALSE
LN,Direct,1913,2dpi,39.51,FALSE
LN,Direct,1913,4dpi,N/A,FALSE
LN,Direct,1913,6dpi,34.02,TRUE
LN,Direct,1913,8dpi,28.64,TRUE
LN,Direct,1913,10dpi,27.96,TRUE
OB,Direct,1914,2dpi,37.84,FALSE
OB,Direct,1914,4dpi,N/A,FALSE
OB,Direct,1914,6dpi,23.27,TRUE
OB,Direct,1914,8dpi,26.22,FALSE
OB,Direct,1914,10dpi,36.09,FALSE
OB,Direct,1914,12dpi,N/A,FALSE
LN,Index,1970,2dpi,25.08,TRUE
LN,Index,1970,8dpi,32.89,FALSE
LN,Index,1971,8dpi,30.35,FALSE
LN,Index,1973,2dpi,24.5,TRUE
LN,Index,1973,6dpi,30.9,FALSE
LN,Index,1973,8dpi,32.68,FALSE
LN,Index,1974,2dpi,26.52,TRUE
LN,Index,1974,4dpi,24.18,TRUE
LN,Index,1974,6dpi,34.91,FALSE
LN,Index,1974,8dpi,39.88,FALSE
LN,Index,1974,10dpi,N/A,FALSE
OB,Index,1975,4dpi,24.15,TRUE
OB,Index,1975,6dpi,28,TRUE
OB,Index,1975,8dpi,32.61,FALSE
OB,Index,1975,10dpi,35.92,FALSE
OB,Index,1975,12dpi,N/A,FALSE
LN,Index,1977,2dpi,26.54,TRUE
LN,Index,1977,6dpi,33.66,FALSE
LN,Index,1977,8dpi,39.79,FALSE
LN,Index,1977,10dpi,N/A,FALSE
OB,Direct,1980,2dpi,35.34,FALSE
OB,Direct,1980,4dpi,29.07,TRUE
OB,Direct,1980,6dpi,27.85,TRUE
OB,Direct,1980,8dpi,27.87,FALSE
OB,Direct,1980,10dpi,36.3,FALSE
OB,Direct,1980,12dpi,N/A,FALSE
OB,Direct,1981,2dpi,36,FALSE
OB,Direct,1981,4dpi,N/A,FALSE
OB,Direct,1981,10dpi,24.48,FALSE
OB,Direct,1981,12dpi,37.04,FALSE
OB,Index,1983,6dpi,31.11,FALSE
OB,Index,1983,10dpi,N/A,FALSE
OB,Index,1983,12dpi,39.48,FALSE
OB,Index,1984,2dpi,26.57,TRUE
OB,Index,1984,4dpi,28.06,TRUE
OB,Index,1984,12dpi,39.59,FALSE
LN,Direct,1986,2dpi,N/A,FALSE
LN,Direct,1986,4dpi,N/A,FALSE
LN,Direct,1986,10dpi,27.29,FALSE
OB,Index,1968,2dpi,26.55,FALSE
LN,Index,1972,2dpi,25.16,FALSE
OB,Direct,2231,4dpi,36.55,FALSE
OB,Direct,2231,6dpi,23.74,TRUE
OB,Direct,2231,12dpi,N/A,FALSE
OB,Direct,2232,2dpi,36.37,FALSE
OB,Direct,2232,6dpi,24.96,TRUE
OB,Direct,2232,8dpi,24.46,TRUE
OB,Direct,2232,10dpi,34.43,FALSE
OB,Direct,2232,12dpi,39.45,FALSE
OB,Direct,2235,2dpi,36.65,FALSE
OB,Direct,2235,4dpi,39.25,FALSE
OB,Direct,2235,12dpi,N/A,FALSE
OB,Direct,2239,2dpi,35.78,FALSE
OB,Direct,2239,4dpi,36.52,FALSE
OB,Direct,2239,6dpi,24.08,TRUE
OB,Direct,2239,8dpi,26.71,TRUE
OB,Direct,2239,10dpi,29.9,FALSE
OB,Direct,2239,12dpi,38.67,FALSE
LN,Direct,2243,2dpi,37.41,FALSE
LN,Direct,2243,4dpi,27.65,TRUE
LN,Direct,2243,6dpi,24.96,TRUE
LN,Direct,2243,8dpi,24.02,TRUE
LN,Direct,2243,10dpi,38.95,FALSE
LN,Direct,2243,12dpi,35.23,FALSE
LN,Direct,2244,2dpi,N/A,FALSE
LN,Direct,2244,4dpi,N/A,FALSE
LN,Direct,2244,6dpi,N/A,FALSE
LN,Direct,2244,8dpi,40,FALSE
LN,Direct,2244,10dpi,N/A,FALSE
LN,Direct,2244,12dpi,N/A,FALSE
LN,Index,2251,4dpi,26.31,TRUE
LN,Index,2251,6dpi,25.82,TRUE
LN,Index,2251,8dpi,30.97,FALSE
LN,Index,2251,10dpi,34.07,FALSE
LN,Index,2251,12dpi,N/A,FALSE
LN,Index,2254,2dpi,21.5,TRUE
LN,Index,2254,4dpi,24.66,TRUE
LN,Index,2254,6dpi,22.65,TRUE
LN,Index,2254,8dpi,30.36,FALSE
LN,Index,2254,10dpi,33.4,FALSE
LN,Index,2254,12dpi,38.45,FALSE
LN,Index,2253,4dpi,23.96,TRUE
LN,Index,2253,8dpi,32.8,FALSE
LN,Index,2253,10dpi,36.2,FALSE
LN,Index,2253,12dpi,N/A,FALSE
OB,Index,2233,4dpi,26.78,TRUE
OB,Index,2234,4dpi,26.5,TRUE
OB,Index,2240,4dpi,25.16,TRUE
OB,Index,2867,2dpi,N/A,FALSE
OB,Index,2867,4dpi,N/A,FALSE
OB,Index,2867,6dpi,N/A,FALSE
OB,Index,2867,8dpi,N/A,FALSE
OB,Index,2867,10dpi,N/A,FALSE
OB,Index,2867,12dpi,N/A,FALSE
OB,Index,2868,2dpi,39.64,FALSE
OB,Index,2868,4dpi,N/A,FALSE
OB,Index,2868,6dpi,40.82,FALSE
OB,Index,2868,8dpi,N/A,FALSE
OB,Index,2868,10dpi,33.44,FALSE
OB,Index,2868,12dpi,N/A,FALSE
OB,Index,1408,2dpi,21.68,TRUE
OB,Index,1408,4dpi,24.49,TRUE
OB,Index,1408,6dpi,25.22,FALSE
OB,Index,1408,8dpi,,FALSE
OB,Index,1408,12dpi,35.58,FALSE
OB,Direct,1409,2dpi,26.73,TRUE
OB,Direct,1409,4dpi,28.65,TRUE
OB,Direct,1409,6dpi,28.59,TRUE
OB,Direct,1409,8dpi,25.14,TRUE
OB,Direct,1409,12dpi,N/A,FALSE
OB,Aerosol,1411,2dpi,,FALSE
OB,Aerosol,1411,4dpi,37.32,FALSE
OB,Aerosol,1411,6dpi,N/A,FALSE
OB,Aerosol,1411,8dpi,39.31,FALSE
OB,Aerosol,1411,12dpi,N/A,FALSE
OB,Index,1414,2dpi,N/A,FALSE
OB,Index,1414,4dpi,31.38,FALSE
OB,Index,1414,6dpi,31.19,FALSE
OB,Index,1414,8dpi,39.51,FALSE
OB,Index,1414,12dpi,,FALSE
OB,Direct,1415,2dpi,27.33,TRUE
OB,Direct,1415,4dpi,,FALSE
OB,Direct,1415,6dpi,34.02,FALSE
OB,Direct,1415,8dpi,23.11,FALSE
OB,Direct,1415,12dpi,,FALSE
OB,Aerosol,1417,2dpi,26.15,FALSE
OB,Aerosol,1417,4dpi,34.35,FALSE
OB,Aerosol,1417,6dpi,39,FALSE
OB,Aerosol,1417,8dpi,24.37,TRUE
OB,Aerosol,1417,12dpi,28.01,TRUE
LN,Index,1412,2dpi,,FALSE
LN,Index,1412,4dpi,,FALSE
LN,Index,1412,6dpi,N/A,FALSE
LN,Index,1412,8dpi,26.4,TRUE
LN,Index,1416,2dpi,25.44,TRUE
LN,Index,1416,4dpi,27.34,FALSE
LN,Index,1416,6dpi,31.88,FALSE
LN,Index,1416,8dpi,39.01,FALSE
LN,Direct,1410,2dpi,28.68,TRUE
LN,Direct,1410,4dpi,28.53,FALSE
LN,Direct,1410,6dpi,32.4,FALSE
LN,Direct,1410,8dpi,39.79,FALSE